latitude,longitude
-0.17971138702926956,37.74156252474618
-0.151534203436866,37.74667591554995
-0.14417413985869165,37.80948029241807
-0.13647385935847836,37.83227169808688
-0.203650446475812,37.626805386460745
-0.1827279431226327,37.614804588969314
-0.1751923552284197,37.547142519689984
-0.17623490994155344,37.58121728791678
-0.1517122090860041,37.613587787191804
-0.1517122090860041,37.546947787191804
-0.15171220908600416,37.513627787191794
-0.2069414227605133,37.649512505223626
-0.2040538837918374,37.67846528453214
-0.20226921467453912,37.709293879089785
-0.18503220908600418,37.6469077871918
-0.18503220908600415,37.6802277871918
-0.184899542278096,37.71342969321026
-0.1517122090860041,37.6802277871918
-0.15171220908600416,37.7135477871918
-0.15171220908600416,37.6469077871918
-0.11839220908600412,37.6802277871918
-0.15171220908600416,37.5802677871918
-0.11839220908600412,37.546947787191804
-0.11839220908600412,37.613587787191804
-0.11839220908600412,37.5802677871918
-0.0850722090860041,37.613587787191804
-0.08507220908600412,37.5802677871918
-0.0850722090860041,37.546947787191804
-0.051752209086004086,37.546947787191804
-0.051752209086004086,37.613587787191804
-0.051752209086004086,37.5802677871918
-0.14641950276259924,37.78026122021932
-0.11839220908600412,37.8135077871918
-0.11839220908600412,37.746867787191796
-0.11839220908600412,37.7801877871918
-0.0850722090860041,37.746867787191796
-0.08507220908600412,37.7801877871918
-0.0850722090860041,37.8135077871918
-0.051752209086004086,37.8135077871918
-0.051752209086004086,37.7801877871918
-0.018432209086004292,37.8135077871918
-0.11839220908600412,37.6469077871918
-0.11839220908600412,37.7135477871918
-0.0850722090860041,37.6802277871918
-0.08507220908600412,37.6469077871918
-0.08507220908600412,37.7135477871918
-0.051752209086004086,37.6469077871918
-0.051752209086004086,37.7135477871918
-0.051752209086004086,37.6802277871918
-0.051752209086004086,37.746867787191796
-0.018432209086004292,37.6469077871918
-0.018432209086004292,37.546947787191804
-0.018432209086004292,37.5802677871918
-0.018432209086004292,37.513627787191794
-0.018432209086004292,37.613587787191804
0.014887790913995724,37.546947787191804
0.014887790913995724,37.5802677871918
0.014887790913995724,37.613587787191804
0.014887790913995724,37.513627787191794
0.04820779091399574,37.5802677871918
0.04820779091399574,37.546947787191804
-0.018432209086004292,37.7135477871918
-0.018432209086004292,37.6802277871918
0.014887790913995724,37.7135477871918
0.014887790913995724,37.6802277871918
0.014887790913995724,37.6469077871918
0.04820779091399574,37.613587787191804
0.04820779091399574,37.746867787191796
0.04820779091399574,37.7135477871918
0.04820779091399574,37.6802277871918
0.04820779091399574,37.6469077871918
-0.016200149538664072,37.843066903231126
-0.018432209086004292,37.7801877871918
-0.018432209086004292,37.746867787191796
0.014887790913995724,37.7801877871918
0.014887790913995724,37.8135077871918
0.014887790913995724,37.746867787191796
0.04820779091399574,37.8135077871918
0.04820779091399574,37.7801877871918
0.08152779091399577,37.8135077871918
0.08152779091399577,37.8468277871918
0.04820779091399574,37.513627787191794
0.08152779091399577,37.5802677871918
0.08152779091399577,37.613587787191804
0.08152779091399577,37.546947787191804
0.11484779091399588,37.5802677871918
0.11484779091399588,37.546947787191804
0.11484779091399588,37.613587787191804
0.11484779091399588,37.513627787191794
0.1481677909139959,37.546947787191804
0.1481677909139959,37.613587787191804
-0.04038553232310403,38.53503431505578
-0.0476999759939486,38.512696614195164
-0.06986014745180741,38.75421151964645
-0.06903752473890161,38.7650063881306
-0.04676908218257835,38.715157541996625
-0.05973755956627503,38.76465136630007
-0.05259910631890888,38.74507507266242
-0.0422446000268312,38.64609960765344
-0.04244357846857265,38.67833836244562
-0.03746043444147458,38.627343595972086
-0.018432209086004292,38.679827787191805
-0.018432209086004292,38.7131477871918
-0.020072230105877477,38.73929720167686
0.01344007403656397,38.73473813944504
0.04820779091399574,38.7131477871918
0.043957746033533196,38.73150053159633
-0.018432209086004292,38.6465077871918
-0.016984738747113863,38.6136003729391
0.014887790913995724,38.713147787191794
0.014887790913995724,38.679827787191805
0.014887790913995724,38.6131877871918
0.014887790913995724,38.6465077871918
0.04820779091399574,38.6465077871918
0.04820779091399574,38.613187787191805
0.04820779091399574,38.679827787191805
0.08152779091399577,38.679827787191805
-0.018432209086004292,38.513227787191795
-0.01514162251790864,38.54344220482727
-0.012510492837328921,38.58172850573299
0.014887790913995724,38.5465477871918
0.014887790913995724,38.57986778719181
0.014887790913995724,38.513227787191795
0.04820779091399574,38.513227787191795
0.04820779091399574,38.5798677871918
0.04820779091399574,38.54654778719179
0.08152779091399577,38.5465477871918
0.08152779091399577,38.479907787191806
0.08152779091399577,38.513227787191795
0.08152779091399577,38.57986778719181
0.11484779091399588,38.579867787191795
0.11484779091399588,38.479907787191806
0.11484779091399588,38.5132277871918
0.11484779091399588,38.5465477871918
0.1481677909139959,38.579867787191795
0.1481677909139959,38.5132277871918
0.1481677909139959,38.5465477871918
-0.07458065799888297,38.3796741601465
-0.07343645337300628,38.47255146041496
-0.07467676647077023,38.45098224020538
-0.0708964899295288,38.41160224330318
-0.050801228683759345,38.47896561182115
-0.051752209086004086,38.413267787191806
-0.07011589575166724,38.36124297620726
-0.051752209086004086,38.3799477871918
-0.04975995059956752,38.347236906025124
-0.04534987538199351,38.31743477229901
-0.018432209086004292,38.34662778719179
-0.01842516690868737,38.31331486193155
-0.051752209086004086,38.4465877871918
-0.018432209086004292,38.4799077871918
-0.018432209086004292,38.4465877871918
-0.018432209086004292,38.413267787191806
0.014887790913995724,38.41326778719179
0.014887790913995724,38.4465877871918
0.014887790913995724,38.479907787191806
0.04820779091399574,38.4799077871918
0.04820779091399574,38.4465877871918
0.04820779091399574,38.413267787191806
-0.018432209086004292,38.3799477871918
-0.012390321448438386,38.28293104669322
0.014887790913995724,38.27998778719181
0.014887790913995724,38.379947787191796
0.014887790913995724,38.313307787191796
0.014887790913995724,38.3466277871918
0.04820779091399574,38.3799477871918
0.04820779091399574,38.3133077871918
0.04820779091399574,38.34662778719179
0.04820779091399574,38.27998778719179
-0.0020276790329689775,38.22998982551979
-0.007877678553856581,38.24787952535635
0.025853942341039854,38.184916083496056
0.022016160396629524,38.21580374510153
0.014887790913995724,38.2466677871918
0.04820779091399574,38.2133477871918
0.04820779091399574,38.2466677871918
0.08152779091399577,38.1800277871918
0.08152779091399577,38.2466677871918
0.08152779091399577,38.2133477871918
0.08152779091399577,38.27998778719181
0.11484779091399588,38.21334778719179
0.11484779091399588,38.24666778719179
0.11484779091399588,38.2799877871918
0.11484779091399588,38.1800277871918
0.1481677909139959,38.1800277871918
0.1481677909139959,38.2799877871918
0.1481677909139959,38.24666778719179
0.1481677909139959,38.21334778719179
-0.11684786087991755,37.84125722399526
-0.08382713599293684,37.84360465490988
-0.05305011089598171,37.843386863113516
0.021527344249302607,37.936103277499306
0.029139409069547633,38.05266560231537
0.059346930811132084,38.02287420928757
0.04898309277035581,38.047667213020844
-0.008321744218560209,37.88024113475043
0.014887790913995724,37.8468277871918
0.019374496271300258,37.91343792273425
0.014935866387923151,37.88009800450019
0.04820779091399574,37.91346778719179
0.0488548315476213,37.94134947437719
0.04820779091399574,37.8468277871918
0.04820779091399574,37.8801477871918
0.08152779091399577,37.880147787191795
0.030292520562233503,38.161559669934384
0.029211532507682034,38.06996461471625
0.05216198496680874,38.149648485091014
0.05816772616666646,38.11282921671986
0.04981892354984774,38.07830974001979
0.04820779091399574,38.180027787191804
0.08152779091399577,38.1467077871918
0.08164293018203528,38.01353296869148
0.08293427566215086,37.98014332782029
0.08152779091399577,38.046747787191805
0.08167720211039625,37.9466436668786
0.11484779091399588,38.0467477871918
0.11484779091399588,38.0134277871918
0.11484779091399588,37.9801077871918
0.1481677909139959,37.9801077871918
0.1481677909139959,38.0134277871918
0.1481677909139959,37.946787787191795
0.08152779091399577,37.9134677871918
0.11484779091399588,37.913467787191806
0.11484779091399588,37.946787787191795
0.11484779091399588,37.8801477871918
0.1481677909139959,37.8801477871918
0.1481677909139959,37.8468277871918
0.1481677909139959,37.913467787191806
0.1814877909139959,37.946787787191795
0.18148779091399594,37.913467787191806
0.1814877909139959,37.8801477871918
0.08152779091399577,38.0800677871918
0.08152779091399577,38.113387787191805
0.11484779091399588,38.1467077871918
0.11484779091399588,38.0800677871918
0.11484779091399588,38.1133877871918
0.1481677909139959,38.1133877871918
0.1481677909139959,38.0800677871918
0.1481677909139959,38.1467077871918
0.1814877909139959,38.1133877871918
0.18148779091399594,38.0800677871918
0.1481677909139959,38.0467477871918
0.18148779091399594,37.9801077871918
0.18148779091399594,38.0134277871918
0.2148077909139959,37.9801077871918
0.2148077909139959,38.0134277871918
0.21480779091399593,38.0467477871918
0.21480779091399593,37.946787787191795
0.24812779091399587,38.0134277871918
0.24812779091399587,37.9801077871918
0.24812779091399584,38.046747787191805
0.1814877909139959,38.0467477871918
0.18148779091399594,38.1467077871918
0.21480779091399593,38.1133877871918
0.21480779091399593,38.1800277871918
0.2148077909139959,38.0800677871918
0.2148077909139959,38.1467077871918
0.24812779091399584,38.113387787191805
0.24812779091399587,38.14670778719181
0.24812779091399587,38.08006778719179
0.28144779091399574,38.1467077871918
0.18148779091399594,37.8468277871918
0.21480779091399593,37.8801477871918
0.2148077909139959,37.8468277871918
0.2148077909139959,37.913467787191806
0.24812779091399587,37.8468277871918
0.24812779091399584,37.8801477871918
0.24812779091399587,37.91346778719179
0.24812779091399584,37.946787787191795
0.28144779091399574,37.913467787191806
0.28144779091399574,37.8801477871918
0.28144779091399574,38.0134277871918
0.28144779091399574,37.9801077871918
0.28144779091399574,38.0467477871918
0.28144779091399574,37.946787787191795
0.31476779091399576,38.0134277871918
0.31476779091399576,37.9801077871918
0.3147677909139957,37.946787787191795
0.3147677909139957,38.0467477871918
0.3480877909139958,38.0467477871918
0.3480877909139958,38.0134277871918
0.28144779091399574,38.0800677871918
0.28144779091399574,38.1133877871918
0.31476779091399576,38.0800677871918
0.31476779091399576,38.1467077871918
0.3147677909139957,38.1133877871918
0.3480877909139958,38.1133877871918
0.3480877909139958,38.1467077871918
0.3480877909139958,38.0800677871918
0.38140779091399585,38.0800677871918
0.38140779091399585,38.1467077871918
0.3147677909139957,37.8801477871918
0.31476779091399576,37.913467787191806
0.3480877909139958,37.946787787191795
0.3480877909139958,37.8801477871918
0.3480877909139958,37.913467787191806
0.38140779091399585,37.8468277871918
0.3814077909139958,37.946787787191795
0.38140779091399585,37.913467787191806
0.3814077909139958,37.8801477871918
0.4147277909139958,37.8468277871918
0.3480877909139958,37.9801077871918
0.3814077909139958,38.0467477871918
0.38140779091399585,37.9801077871918
0.38140779091399585,38.0134277871918
0.4147277909139958,37.9801077871918
0.4147277909139958,38.0134277871918
0.4147277909139958,38.0467477871918
0.4147277909139958,37.946787787191795
0.4480477909139959,37.9801077871918
0.4480477909139958,38.0467477871918
0.3814077909139958,38.1800277871918
0.3814077909139958,38.1133877871918
0.4147277909139958,38.1467077871918
0.4147277909139958,38.1133877871918
0.4147277909139958,38.0800677871918
0.4480477909139959,38.0800677871918
0.4480477909139958,38.1133877871918
0.4480477909139959,38.1467077871918
0.48136779091399584,38.1133877871918
0.4813677909139958,38.0800677871918
0.08152779091399577,38.313307787191796
0.08152779091399577,38.3466277871918
0.08152779091399577,38.379947787191796
0.11484779091399588,38.3133077871918
0.11484779091399588,38.34662778719179
0.1481677909139959,38.379947787191796
0.1481677909139959,38.3133077871918
0.1481677909139959,38.34662778719179
0.18148779091399594,38.2799877871918
0.1814877909139959,38.379947787191796
0.08152779091399577,38.41326778719179
0.08152779091399577,38.4465877871918
0.11484779091399588,38.44658778719181
0.11484779091399588,38.4132677871918
0.11484779091399588,38.379947787191796
0.1481677909139959,38.44658778719181
0.1481677909139959,38.4132677871918
0.1481677909139959,38.479907787191806
0.1814877909139959,38.44658778719181
0.18148779091399594,38.479907787191806
0.18148779091399594,38.4132677871918
0.21480779091399593,38.44658778719181
0.2148077909139959,38.4132677871918
0.2148077909139959,38.479907787191806
0.21480779091399593,38.379947787191796
0.24812779091399587,38.4799077871918
0.24812779091399584,38.3799477871918
0.24812779091399584,38.4465877871918
0.24812779091399587,38.413267787191806
0.28144779091399574,38.479907787191806
0.1814877909139959,38.3133077871918
0.18148779091399594,38.34662778719179
0.2148077909139959,38.34662778719179
0.21480779091399593,38.3133077871918
0.2148077909139959,38.2799877871918
0.24812779091399587,38.27998778719179
0.24812779091399584,38.3133077871918
0.24812779091399587,38.34662778719179
0.28144779091399574,38.3133077871918
0.28144779091399574,38.34662778719179
0.1814877909139959,38.1800277871918
0.1814877909139959,38.24666778719179
0.18148779091399594,38.21334778719179
0.2148077909139959,38.21334778719179
0.21480779091399593,38.24666778719179
0.24812779091399584,38.2466677871918
0.24812779091399587,38.2133477871918
0.24812779091399584,38.180027787191804
0.28144779091399574,38.24666778719179
0.28144779091399574,38.2799877871918
0.28144779091399574,38.379947787191796
0.28144779091399574,38.4132677871918
0.28144779091399574,38.44658778719181
0.31476779091399576,38.479907787191806
0.3147677909139957,38.44658778719181
0.3147677909139957,38.379947787191796
0.31476779091399576,38.4132677871918
0.3480877909139958,38.44658778719181
0.3480877909139958,38.4132677871918
0.3480877909139958,38.479907787191806
0.28144779091399574,38.21334778719179
0.28144779091399574,38.1800277871918
0.31476779091399576,38.21334778719179
0.3147677909139957,38.1800277871918
0.3147677909139957,38.24666778719179
0.3480877909139958,38.1800277871918
0.3480877909139958,38.21334778719179
0.3480877909139958,38.24666778719179
0.38140779091399585,38.21334778719179
0.3814077909139958,38.24666778719179
0.31476779091399576,38.2799877871918
0.3147677909139957,38.3133077871918
0.31476779091399576,38.34662778719179
0.3480877909139958,38.379947787191796
0.3480877909139958,38.3133077871918
0.3480877909139958,38.2799877871918
0.3480877909139958,38.34662778719179
0.3814077909139958,38.3133077871918
0.3814077909139958,38.379947787191796
0.38140779091399585,38.2799877871918
0.38140779091399585,38.34662778719179
0.4147277909139958,38.3133077871918
0.4147277909139958,38.34662778719179
0.4147277909139958,38.379947787191796
0.4147277909139958,38.2799877871918
0.4480477909139958,38.379947787191796
0.4480477909139959,38.2799877871918
0.4480477909139958,38.3133077871918
0.4480477909139959,38.34662778719179
0.4813677909139958,38.34662778719179
0.38140779091399585,38.4132677871918
0.3814077909139958,38.44658778719181
0.38140779091399585,38.479907787191806
0.4147277909139958,38.479907787191806
0.4147277909139958,38.44658778719181
0.4147277909139958,38.4132677871918
0.4480477909139959,38.4132677871918
0.4480477909139959,38.479907787191806
0.4480477909139958,38.44658778719181
0.4813677909139958,38.4132677871918
0.08152779091399577,37.746867787191796
0.08152779091399577,37.7801877871918
0.11484779091399588,37.8468277871918
0.11484779091399588,37.8135077871918
0.11484779091399588,37.7801877871918
0.11484779091399588,37.746867787191796
0.1481677909139959,37.8135077871918
0.1481677909139959,37.7801877871918
0.1481677909139959,37.746867787191796
0.1814877909139959,37.8135077871918
0.08152779091399577,37.6802277871918
0.08152779091399577,37.7135477871918
0.08152779091399577,37.6469077871918
0.11484779091399588,37.6802277871918
0.11484779091399588,37.6469077871918
0.11484779091399588,37.7135477871918
0.1481677909139959,37.6469077871918
0.1481677909139959,37.6802277871918
0.1481677909139959,37.7135477871918
0.18148779091399594,37.6469077871918
0.1481677909139959,37.5802677871918
0.1814877909139959,37.546947787191804
0.18148779091399594,37.5802677871918
0.18148779091399594,37.513627787191794
0.21480779091399593,37.546947787191804
0.2148077909139959,37.5802677871918
0.2148077909139959,37.513627787191794
0.21480779091399593,37.613587787191804
0.24812779091399587,37.5802677871918
0.24812779091399584,37.546947787191804
0.18148779091399594,37.7135477871918
0.1814877909139959,37.613587787191804
0.1814877909139959,37.6802277871918
0.21480779091399593,37.6802277871918
0.2148077909139959,37.6469077871918
0.2148077909139959,37.7135477871918
0.24812779091399587,37.6469077871918
0.24812779091399587,37.7135477871918
0.24812779091399584,37.6802277871918
0.28144779091399574,37.613587787191804
0.1814877909139959,37.746867787191796
0.18148779091399594,37.7801877871918
0.21480779091399593,37.8135077871918
0.21480779091399593,37.746867787191796
0.2148077909139959,37.7801877871918
0.24812779091399584,37.8135077871918
0.24812779091399584,37.746867787191796
0.24812779091399587,37.7801877871918
0.28144779091399574,37.746867787191796
0.28144779091399574,37.7801877871918
0.28144779091399574,37.8135077871918
0.28144779091399574,37.8468277871918
0.31476779091399576,37.8468277871918
0.31476779091399576,37.7801877871918
0.3147677909139957,37.746867787191796
0.3147677909139957,37.8135077871918
0.3480877909139958,37.8135077871918
0.3480877909139958,37.8468277871918
0.3480877909139958,37.7801877871918
0.3480877909139958,37.746867787191796
0.28144779091399574,37.6469077871918
0.28144779091399574,37.6802277871918
0.28144779091399574,37.7135477871918
0.31476779091399576,37.6469077871918
0.3147677909139957,37.613587787191804
0.3147677909139957,37.6802277871918
0.31476779091399576,37.7135477871918
0.3480877909139958,37.7135477871918
0.3480877909139958,37.6469077871918
0.3480877909139958,37.6802277871918
0.24812779091399584,37.613587787191804
0.28144779091399574,37.546947787191804
0.28144779091399574,37.5802677871918
0.31476779091399576,37.5802677871918
0.31476779091399576,37.513627787191794
0.3147677909139957,37.546947787191804
0.3480877909139958,37.613587787191804
0.3480877909139958,37.5802677871918
0.3480877909139958,37.546947787191804
0.3814077909139958,37.546947787191804
0.38140779091399585,37.7135477871918
0.3814077909139958,37.6802277871918
0.38140779091399585,37.6469077871918
0.4147277909139958,37.7135477871918
0.4147277909139958,37.6469077871918
0.4147277909139958,37.6802277871918
0.4480477909139958,37.613587787191804
0.4480477909139959,37.6469077871918
0.4480477909139959,37.7135477871918
0.4480477909139958,37.6802277871918
0.38140779091399585,37.7801877871918
0.3814077909139958,37.746867787191796
0.3814077909139958,37.8135077871918
0.4147277909139958,37.7801877871918
0.4147277909139958,37.746867787191796
0.4147277909139958,37.8135077871918
0.4480477909139958,37.746867787191796
0.4480477909139959,37.7801877871918
0.4480477909139958,37.8135077871918
0.48136779091399584,37.8135077871918
0.4147277909139958,38.21334778719179
0.4147277909139958,38.1800277871918
0.4147277909139958,38.24666778719179
0.4480477909139959,38.21334778719179
0.4480477909139958,38.1800277871918
0.4480477909139958,38.24666778719179
0.48136779091399584,38.24666778719179
0.4813677909139958,38.2799877871918
0.48136779091399584,38.1800277871918
0.4813677909139958,38.21334778719179
0.48136779091399584,38.3133077871918
0.5146877909139959,38.2799877871918
0.5146877909139959,38.379947787191796
0.5146877909139959,38.34662778719179
0.5146877909139959,38.3133077871918
0.5480077909139959,38.2799877871918
0.5480077909139959,38.34662778719179
0.5480077909139959,38.3133077871918
0.5480077909139959,38.379947787191796
0.5813277909139959,38.379947787191796
0.4813677909139958,38.479907787191806
0.48136779091399584,38.379947787191796
0.48136779091399584,38.44658778719181
0.5146877909139959,38.479907787191806
0.5146877909139959,38.4132677871918
0.5146877909139959,38.44658778719181
0.5480077909139959,38.479907787191806
0.5480077909139959,38.44658778719181
0.5480077909139959,38.4132677871918
0.5813277909139959,38.44658778719181
0.5146877909139959,38.24666778719179
0.5146877909139959,38.1800277871918
0.5146877909139959,38.21334778719179
0.5480077909139959,38.24666778719179
0.5480077909139959,38.1800277871918
0.5480077909139959,38.21334778719179
0.5813277909139959,38.24666778719179
0.5813277909139959,38.21334778719179
0.5813277909139959,38.1800277871918
0.6146477909139959,38.21334778719179
0.5813277909139959,38.479907787191806
0.5813277909139959,38.4132677871918
0.6146477909139958,38.44658778719181
0.6146477909139958,38.379947787191796
0.6146477909139959,38.479907787191806
0.6146477909139959,38.4132677871918
0.6479677909139959,38.4132677871918
0.6479677909139958,38.44658778719181
0.6479677909139959,38.479907787191806
0.6479677909139958,38.379947787191796
0.5813277909139959,38.2799877871918
0.5813277909139959,38.34662778719179
0.5813277909139959,38.3133077871918
0.6146477909139958,38.3133077871918
0.6146477909139959,38.34662778719179
0.6479677909139958,38.3133077871918
0.6479677909139959,38.34662778719179
0.6479677909139959,38.2799877871918
0.6812877909139958,38.3133077871918
0.6812877909139958,38.379947787191796
0.6146477909139958,38.24666778719179
0.6146477909139958,38.1800277871918
0.6146477909139959,38.2799877871918
0.6479677909139958,38.1800277871918
0.6479677909139958,38.24666778719179
0.6479677909139959,38.21334778719179
0.6812877909139958,38.24666778719179
0.6812877909139958,38.21334778719179
0.6812877909139958,38.1800277871918
0.7146077909139958,38.24666778719179
0.6812877909139958,38.479907787191806
0.6812877909139958,38.44658778719181
0.6812877909139958,38.4132677871918
0.7146077909139958,38.4132677871918
0.7146077909139958,38.44658778719181
0.7479277909139959,38.413267787191806
0.7479277909139959,38.4465877871918
0.7479277909139959,38.3799477871918
0.7812477909139957,38.379947787191796
0.7812477909139958,38.4132677871918
0.6812877909139958,38.2799877871918
0.6812877909139958,38.34662778719179
0.7146077909139958,38.2799877871918
0.7146077909139958,38.34662778719179
0.7146077909139958,38.3133077871918
0.7146077909139958,38.379947787191796
0.7479277909139959,38.34662778719179
0.7479277909139959,38.3133077871918
0.7812477909139958,38.34662778719179
0.7812477909139957,38.3133077871918
0.7146077909139958,38.1800277871918
0.7146077909139958,38.21334778719179
0.7479277909139959,38.2466677871918
0.7479277909139959,38.180027787191804
0.7479277909139959,38.2133477871918
0.7479277909139959,38.27998778719179
0.7812477909139957,38.24666778719179
0.7812477909139957,38.1800277871918
0.7812477909139958,38.2799877871918
0.7812477909139958,38.21334778719179
0.37891483889999245,38.70157031264933
0.4147277909139958,38.6465077871918
0.414493383618288,38.67952086142881
0.4480477909139959,38.6465077871918
0.4470570859886373,38.67638360993509
0.4480477909139958,38.613187787191805
0.48136779091399584,38.613187787191805
0.48011521991273226,38.67090997245376
0.4813677909139958,38.6465077871918
0.51473229284241,38.6464160057234
0.5239632641772716,38.772470397707686
0.524756768904659,38.74783890044829
0.5559658042785177,38.80241672601958
0.5480077909139959,38.746467787191804
0.5486747683858927,38.77906702654813
0.5480077909139959,38.7131477871918
0.5813277909139959,38.7797877871918
0.48136779091399584,38.5132277871918
0.4813677909139958,38.579867787191795
0.4813677909139958,38.5465477871918
0.5146877909139959,38.5465477871918
0.5146877909139959,38.579867787191795
0.5146877909139959,38.5132277871918
0.5480077909139959,38.5132277871918
0.5480077909139959,38.5465477871918
0.5480077909139959,38.579867787191795
0.5813277909139959,38.5132277871918
0.5192458121965564,38.6791437206552
0.5209897838979185,38.71039273548985
0.5146877909139959,38.613187787191805
0.5480077909139959,38.613187787191805
0.5480077909139959,38.6465077871918
0.5480077909139959,38.679827787191805
0.5813277909139959,38.679827787191805
0.5813277909139959,38.613187787191805
0.5813277909139959,38.6465077871918
0.6146477909139959,38.6465077871918
0.5813277909139959,38.7131477871918
0.5813277909139959,38.746467787191804
0.5830583742293153,38.81127671855787
0.6146477909139958,38.746467787191804
0.6146477909139959,38.7797877871918
0.6146477909139958,38.8131077871918
0.6479677909139958,38.746467787191804
0.6479677909139958,38.8131077871918
0.6479677909139959,38.7131477871918
0.6479677909139959,38.7797877871918
0.5813277909139959,38.579867787191795
0.5813277909139959,38.5465477871918
0.6146477909139958,38.5132277871918
0.6146477909139959,38.5465477871918
0.6146477909139959,38.579867787191795
0.6479677909139958,38.5132277871918
0.6479677909139959,38.5465477871918
0.6479677909139959,38.579867787191795
0.6812877909139958,38.579867787191795
0.6812877909139958,38.5132277871918
0.6146477909139958,38.613187787191805
0.6146477909139959,38.7131477871918
0.6146477909139958,38.679827787191805
0.6479677909139959,38.6465077871918
0.6479677909139958,38.679827787191805
0.6479677909139958,38.613187787191805
0.6812877909139958,38.679827787191805
0.6812877909139958,38.6465077871918
0.6812877909139958,38.7131477871918
0.6812877909139958,38.613187787191805
0.6812877909139958,38.746467787191804
0.6812877909139958,38.8131077871918
0.6812877909139958,38.7797877871918
0.7146077909139958,38.746467787191804
0.7146077909139958,38.7797877871918
0.7146077909139958,38.7131477871918
0.7479277909139959,38.7464677871918
0.7479277909139959,38.77978778719181
0.7479277909139959,38.7131477871918
0.7479277909139959,38.813107787191804
0.6812877909139958,38.5465477871918
0.7146077909139958,38.5465477871918
0.7146077909139958,38.479907787191806
0.7146077909139958,38.579867787191795
0.7146077909139958,38.5132277871918
0.7479277909139959,38.4799077871918
0.7479277909139959,38.5798677871918
0.7479277909139959,38.513227787191795
0.7479277909139959,38.54654778719179
0.7812477909139958,38.5465477871918
0.7146077909139958,38.6465077871918
0.7146077909139958,38.679827787191805
0.7146077909139958,38.613187787191805
0.7479277909139959,38.679827787191805
0.7479277909139959,38.613187787191805
0.7479277909139959,38.6465077871918
0.7812477909139957,38.679827787191805
0.7812477909139958,38.6465077871918
0.7812477909139957,38.613187787191805
0.8145677909139958,38.613187787191805
0.4147277909139958,37.913467787191806
0.4147277909139958,37.8801477871918
0.4480477909139959,37.913467787191806
0.4480477909139958,37.8801477871918
0.4480477909139959,37.8468277871918
0.4480477909139958,37.946787787191795
0.4813677909139958,37.913467787191806
0.4813677909139958,37.8468277871918
0.48136779091399584,37.8801477871918
0.5146877909139959,37.913467787191806
0.4480477909139959,38.0134277871918
0.4813677909139958,38.0134277871918
0.48136779091399584,38.0467477871918
0.4813677909139958,37.9801077871918
0.48136779091399584,37.946787787191795
0.5146877909139959,37.946787787191795
0.5146877909139959,37.9801077871918
0.5146877909139959,38.0134277871918
0.5146877909139959,38.0467477871918
0.5480077909139959,38.0134277871918
0.4813677909139958,38.1467077871918
0.5146877909139959,38.1133877871918
0.5146877909139959,38.0800677871918
0.5146877909139959,38.1467077871918
0.5480077909139959,38.1467077871918
0.5480077909139959,38.1133877871918
0.5480077909139959,38.0467477871918
0.5480077909139959,38.0800677871918
0.5813277909139959,38.0467477871918
0.5813277909139959,38.0800677871918
0.5146877909139959,37.8468277871918
0.5146877909139959,37.8801477871918
0.5480077909139959,37.8801477871918
0.5480077909139959,37.913467787191806
0.5480077909139959,37.946787787191795
0.5813277909139959,37.913467787191806
0.5813277909139959,37.8801477871918
0.5813277909139959,37.946787787191795
0.6146477909139959,37.913467787191806
0.6146477909139958,37.8801477871918
0.5480077909139959,37.9801077871918
0.5813277909139959,37.9801077871918
0.5813277909139959,38.0134277871918
0.6146477909139958,38.0467477871918
0.6146477909139958,37.946787787191795
0.6146477909139959,37.9801077871918
0.6146477909139959,38.0134277871918
0.6479677909139959,38.0134277871918
0.6479677909139959,37.9801077871918
0.6479677909139958,38.0467477871918
0.5813277909139959,38.1133877871918
0.5813277909139959,38.1467077871918
0.6146477909139959,38.1467077871918
0.6146477909139958,38.1133877871918
0.6146477909139959,38.0800677871918
0.6479677909139959,38.0800677871918
0.6479677909139958,38.1133877871918
0.6479677909139959,38.1467077871918
0.6812877909139958,38.1133877871918
0.6812877909139958,38.0800677871918
0.6479677909139959,37.913467787191806
0.6479677909139958,37.946787787191795
0.6479677909139958,37.8801477871918
0.6479677909139959,37.8468277871918
0.6812877909139958,37.8801477871918
0.6812877909139958,37.946787787191795
0.679285117383493,37.84914393791756
0.6812877909139958,37.913467787191806
0.7139476619299256,37.8805939314312
0.7093150919890813,37.91265048100207
0.6812877909139958,38.0134277871918
0.6812877909139958,37.9801077871918
0.7146077909139958,37.9801077871918
0.7146077909139958,38.0134277871918
0.7142850828575058,37.94710931306477
0.7146077909139958,38.0467477871918
0.7479277909139959,38.0134277871918
0.7467139823451281,37.98141196570578
0.7479277909139959,38.046747787191805
0.6812877909139958,38.1467077871918
0.6812877909139958,38.0467477871918
0.7146077909139958,38.0800677871918
0.7146077909139958,38.1467077871918
0.7146077909139958,38.1133877871918
0.7479277909139959,38.14670778719181
0.7479277909139959,38.08006778719179
0.7479277909139959,38.113387787191805
0.7812477909139958,38.1467077871918
0.7807813229519667,38.08130987040878
0.7071150174945661,37.85468612499305
0.7360018658180537,37.88199600568858
0.7390545416704053,37.95322896167043
-0.15040969148768146,37.4140849211694
-0.14326724411535552,37.31521395369459
-0.14811199010387416,37.380838664905205
-0.13811446732613697,37.29223727900583
-0.16978744275766675,37.453409028218736
-0.17178142277836728,37.48226063235713
-0.17402009369208302,37.514758100039856
-0.15170522595511818,37.446994454544516
-0.1517122090860041,37.4803077871918
-0.11839220908600412,37.4469877871918
-0.11839220908600412,37.4136677871918
-0.14581647770692213,37.34762408186821
-0.11839220908600412,37.380347787191795
-0.11839220908600412,37.3137077871918
-0.11839220908600412,37.3470277871918
-0.08507220908600412,37.3470277871918
-0.0850722090860041,37.3803477871918
-0.0850722090860041,37.3137077871918
-0.051752209086004086,37.3137077871918
-0.051752209086004086,37.380347787191795
-0.051752209086004086,37.4136677871918
-0.11839220908600412,37.4803077871918
-0.11839220908600412,37.513627787191794
-0.08507220908600412,37.4136677871918
-0.08507220908600412,37.513627787191794
-0.08507220908600412,37.4469877871918
-0.0850722090860041,37.4803077871918
-0.051752209086004086,37.4469877871918
-0.051752209086004086,37.4803077871918
-0.051752209086004086,37.513627787191794
-0.018432209086004292,37.4469877871918
-0.10883100031211547,37.25257681496626
-0.11695067491819283,37.281568613819815
-0.10176063980569197,37.23036312531189
-0.08063419130715499,37.216330811518226
-0.08507220908600412,37.2803877871918
-0.0850722090860041,37.2470677871918
-0.051752209086004086,37.280387787191806
-0.051752209086004086,37.2137477871918
-0.051752209086004086,37.247067787191796
-0.018432209086004292,37.2137477871918
-0.051752209086004086,37.3470277871918
-0.018432209086004292,37.3137077871918
-0.018432209086004292,37.380347787191795
-0.018432209086004292,37.3470277871918
0.014887790913995724,37.3470277871918
0.014887790913995724,37.3137077871918
0.014887790913995724,37.3803477871918
0.04820779091399574,37.380347787191795
0.04820779091399574,37.3137077871918
0.04820779091399574,37.3470277871918
-0.018432209086004292,37.247067787191796
-0.018432209086004292,37.180427787191796
-0.018432209086004292,37.280387787191806
0.014887790913995724,37.21374778719179
0.014887790913995724,37.2803877871918
0.014887790913995724,37.1804277871918
0.014887790913995724,37.2470677871918
0.044763928425755425,37.18133392523599
0.048190851808331894,37.21376448902711
0.04820779091399574,37.280387787191806
-0.018432209086004292,37.4803077871918
-0.018432209086004292,37.4136677871918
0.014887790913995724,37.4136677871918
0.014887790913995724,37.4469877871918
0.014887790913995724,37.4803077871918
0.04820779091399574,37.4469877871918
0.04820779091399574,37.4803077871918
0.04820779091399574,37.4136677871918
0.08152779091399577,37.4469877871918
0.08152779091399577,37.4803077871918
0.04820779091399574,37.247067787191796
0.07024223724885328,37.21898912497784
0.08100652889394422,37.247869131440964
0.08152779091399577,37.2803877871918
0.10224192569650109,37.25152522971198
0.11295729041186765,37.282301305495736
0.14572071680599966,37.289684526732636
-0.07247705937880182,37.19070230495128
-0.04334726143955841,37.151560235920606
-0.050918991599001304,37.181156305609
-0.01199103592617827,37.120974045113876
-0.018386848239234723,37.147163058860926
0.015798723638657523,37.11491749222088
0.014887790913995724,37.14710778719181
0.022021151553562032,37.094107237869885
0.039780301459207155,37.15044883110519
0.035193865821660765,37.11746142502748
0.08152779091399577,37.3137077871918
0.08152779091399577,37.3470277871918
0.08152779091399577,37.3803477871918
0.08152779091399577,37.4136677871918
0.11484779091399588,37.380347787191795
0.11484779091399588,37.3470277871918
0.11484779091399588,37.3137077871918
0.1481677909139959,37.3137077871918
0.1481677909139959,37.380347787191795
0.1481677909139959,37.3470277871918
0.08152779091399577,37.513627787191794
0.11484779091399588,37.4136677871918
0.11484779091399588,37.4469877871918
0.11484779091399588,37.4803077871918
0.1481677909139959,37.4469877871918
0.1481677909139959,37.4136677871918
0.1481677909139959,37.513627787191794
0.1481677909139959,37.4803077871918
0.18148779091399594,37.4136677871918
0.18148779091399594,37.4469877871918
0.16543247100097627,37.29641782576085
0.1814877909139959,37.4803077871918
0.2148077909139959,37.4469877871918
0.21480779091399593,37.4803077871918
0.2148077909139959,37.4136677871918
0.24812779091399587,37.4136677871918
0.24812779091399587,37.513627787191794
0.24812779091399584,37.4803077871918
0.24812779091399587,37.4469877871918
0.28144779091399574,37.4469877871918
0.28144779091399574,37.4136677871918
0.1814877909139959,37.380347787191795
0.17280953907364904,37.31663944144827
0.1800691663005427,37.348450714096515
0.2117895467392839,37.357626810053766
0.21480779091399593,37.380347787191795
0.24364884176559595,37.36205604070269
0.24762932800463996,37.380995915928644
0.2756137037144749,37.38907781042289
0.31476779091399576,37.4136677871918
0.3166895770042426,37.39472624968746
0.3529582080227185,37.39144426834916
0.38298727318202225,37.384836851637715
0.28144779091399574,37.513627787191794
0.28144779091399574,37.4803077871918
0.3147677909139957,37.4803077871918
0.31476779091399576,37.4469877871918
0.3480877909139958,37.4803077871918
0.3480877909139958,37.513627787191794
0.3480877909139958,37.4469877871918
0.3480877909139958,37.4136677871918
0.38140779091399585,37.4136677871918
0.38140779091399585,37.513627787191794
0.4148753719785002,37.380509347740755
0.42040086973654167,37.3581886527636
0.44744289885539607,37.356602050501806
0.4480477909139959,37.4136677871918
0.4480477909139958,37.380347787191795
0.3814077909139958,37.4803077871918
0.38140779091399585,37.4469877871918
0.4147277909139958,37.4803077871918
0.4147277909139958,37.513627787191794
0.4147277909139958,37.4136677871918
0.4147277909139958,37.4469877871918
0.4480477909139959,37.4469877871918
0.4480477909139958,37.4803077871918
0.48136779091399584,37.4803077871918
0.4813677909139958,37.4136677871918
0.48136779091399584,37.380347787191795
0.4801794639311087,37.36115392753
0.5247223076843551,37.31455262840227
0.521884364193653,37.34822565591661
0.5147954144048015,37.380649681576244
0.5480077909139959,37.3137077871918
0.5480077909139959,37.3470277871918
0.5480077909139959,37.380347787191795
0.5742671787336877,37.37822048145353
0.5723191867670351,37.4143342369003
0.4813677909139958,37.4469877871918
0.5146877909139959,37.4136677871918
0.5146877909139959,37.4803077871918
0.5146877909139959,37.4469877871918
0.5146877909139959,37.513627787191794
0.5480077909139959,37.4803077871918
0.5480077909139959,37.4469877871918
0.5480077909139959,37.4136677871918
0.5480077909139959,37.513627787191794
0.5737463275224712,37.44781678445436
0.5285994622993836,37.24897128688426
0.5301919884230024,37.21949074455974
0.5267005918144909,37.2816021010524
0.5480077909139959,37.28038778719179
0.5480079034805588,37.21374789898832
0.5480077909139959,37.2470677871918
0.5813277909139959,37.2470677871918
0.5813277909139959,37.21374778719179
0.5683488367878498,37.51008837385671
0.5768202400924989,37.4786491793728
0.5813277909139959,37.3137077871918
0.5813277909139959,37.28038778719179
0.6146477909139959,37.21374778719179
0.6146477909139959,37.28038778719179
0.6146477909139958,37.1804277871918
0.6146477909139958,37.2470677871918
0.6479677909139958,37.2470677871918
0.6479677909139959,37.28038778719179
0.6479677909139959,37.21374778719179
0.6812877909139958,37.28038778719179
0.5813273896874299,37.347027184580156
0.6136222012326759,37.341774933225174
0.6146477909139958,37.3137077871918
0.5983399963462663,37.36382540090593
0.6393982482991661,37.3370858724041
0.6476535957614564,37.313344380107075
0.6787023872703447,37.30833277049206
0.7077468699899496,37.30090428421394
0.6812877909139958,37.2470677871918
0.6812877909139958,37.21374778719179
0.7146077909139958,37.2470677871918
0.7143895451945007,37.280170176523725
0.7146077909139958,37.21374778719179
0.7375203627749823,37.213557922885556
0.7396637563033519,37.27319769922018
0.7456274896063261,37.24840264554373
0.38140779091399585,37.5802677871918
0.3814077909139958,37.613587787191804
0.4147277909139958,37.546947787191804
0.4147277909139958,37.5802677871918
0.4147277909139958,37.613587787191804
0.4480477909139959,37.513627787191794
0.4480477909139958,37.546947787191804
0.4480477909139959,37.5802677871918
0.4813677909139958,37.513627787191794
0.48136779091399584,37.546947787191804
0.48136779091399584,37.613587787191804
0.4813677909139958,37.6469077871918
0.4813677909139958,37.7135477871918
0.48136779091399584,37.6802277871918
0.5146877909139959,37.7135477871918
0.5146877909139959,37.6469077871918
0.5146877909139959,37.6802277871918
0.5480077909139959,37.7135477871918
0.5480077909139959,37.6469077871918
0.5480077909139959,37.613587787191804
0.4813677909139958,37.7801877871918
0.48136779091399584,37.746867787191796
0.5146877909139959,37.746867787191796
0.5146877909139959,37.7801877871918
0.5146877909139959,37.8135077871918
0.5480077909139959,37.746867787191796
0.5480077909139959,37.8135077871918
0.5480077909139959,37.7801877871918
0.5480077909139959,37.8468277871918
0.5813277909139959,37.7801877871918
0.4813677909139958,37.5802677871918
0.5146877909139959,37.546947787191804
0.5146877909139959,37.5802677871918
0.5146877909139959,37.613587787191804
0.5480077909139959,37.546947787191804
0.5480077909139959,37.5802677871918
0.5692849344827751,37.548206992089376
0.5743974321069599,37.58494954572813
0.5480077909139959,37.6802277871918
0.5801505758675629,37.61438411830433
0.5812787535691196,37.64695399246142
0.5813277909139959,37.7135477871918
0.5813277909139959,37.6802277871918
0.6146477909139958,37.6802277871918
0.6146477909139959,37.7135477871918
0.6132021726605336,37.65133273029453
0.6431540874549934,37.686424880625005
0.6463114304526758,37.712470373329204
0.5813277909139959,37.8135077871918
0.5813277909139959,37.746867787191796
0.5813277909139959,37.8468277871918
0.6146477909139958,37.746867787191796
0.6146477909139958,37.8135077871918
0.6146477909139959,37.7801877871918
0.6146477909139959,37.8468277871918
0.6479677909139959,37.7801877871918
0.6477851897667327,37.74703282627312
0.6479677909139958,37.8135077871918
0.5988172535830458,37.62308762509005
0.6320223128787391,37.657763383655926
0.6657656149535471,37.70479943744773
0.6646690829695836,37.69672265563067
0.6692374150660015,37.751877681074085
0.669807069382158,37.77961751289025
0.6708084802335027,37.81500375969431
0.5557502656619996,37.04768488525977
0.5591719344889698,36.981383774338184
0.5540341623472789,37.08091852603177
0.5574631972470735,37.014493693251964
0.5813277909139959,37.0471477871918
0.5813277909139959,37.0138277871918
0.5813277909139959,36.980507787191804
0.5813277909139959,37.0804677871918
0.5638999904534899,36.88976901592668
0.5608706781080016,36.94846750020172
0.5625337981139451,36.91624149892399
0.5813277909139959,36.947187787191794
0.5813277909139959,36.913867787191805
0.5810838245429633,36.88179391393862
0.6146385925951482,36.91387695210546
0.6146477909139958,36.980507787191804
0.5505942094026441,37.14744813000358
0.5488732547181118,37.18073096834902
0.552314627233809,37.11417567426963
0.5813277909139959,37.1804277871918
0.5813277909139959,37.113787787191804
0.5813277909139959,37.1471077871918
0.6146477909139958,37.113787787191804
0.6146477909139959,37.1471077871918
0.6479677909139958,37.113787787191804
0.6479677909139958,37.1804277871918
0.6146477909139959,36.947187787191794
0.6077958795131725,36.88859357924408
0.6479677909139959,36.947187787191794
0.6462777627160584,36.92066076049465
0.6479677909139958,36.980507787191804
0.6812877909139958,36.947187787191794
0.6802143712584533,36.92795217030085
0.6812877909139958,36.980507787191804
0.6146477909139958,37.0471477871918
0.6146477909139959,37.0804677871918
0.6146477909139959,37.0138277871918
0.6479677909139959,37.0138277871918
0.6479677909139958,37.0471477871918
0.6812877909139958,37.0138277871918
0.6812877909139958,37.0471477871918
0.7146077909139958,37.0138277871918
0.7146077909139958,37.0471477871918
0.7475660144743653,37.0474444205144
0.6479677909139959,37.1471077871918
0.6479677909139959,37.0804677871918
0.6812877909139958,37.1804277871918
0.6812877909139958,37.0804677871918
0.6812877909139958,37.1471077871918
0.6812877909139958,37.113787787191804
0.7146077909139958,37.113787787191804
0.7146077909139958,37.0804677871918
0.7146077909139958,37.1804277871918
0.7146077909139958,37.1471077871918
0.7133619573156109,36.928447017815614
0.7146077909139958,36.980507787191804
0.7146077909139958,36.947187787191794
0.7387620246115625,36.98181693699932
0.7313984712933423,36.930424553378785
0.7393169187222364,36.94582863095324
0.7479277909139959,37.1137877871918
0.7377028371429393,37.180744257508266
0.7479277909139959,37.0804677871918
0.7449232944652906,37.14565476988531
0.7739331713259044,37.11081988786569
0.7731056727930765,37.084455916095884
0.7648318044724124,37.130944006075154
0.7430981275761886,37.01520749439
0.767345150999271,37.05558470334291
0.08152779091399577,38.6465077871918
0.08152779091399577,38.6131877871918
0.11484779091399588,38.6465077871918
0.11484779091399588,38.613187787191805
0.11484779091399588,38.7131477871918
0.11484779091399588,38.679827787191805
0.1481677909139959,38.7131477871918
0.1481677909139959,38.6465077871918
0.1481677909139959,38.613187787191805
0.1481677909139959,38.679827787191805
0.08152939933642246,38.71308302346545
0.08681773480526503,38.73070552134557
0.11638429857964726,38.731070699995236
0.15368358509609903,38.73577851480645
0.18148779091399594,38.7131477871918
0.1814877909139959,38.679827787191805
0.18148779091399594,38.6465077871918
0.1814877909139959,38.613187787191805
0.21480779091399593,38.613187787191805
0.21480779091399593,38.679827787191805
0.2148077909139959,38.6465077871918
0.24812779091399587,38.6465077871918
0.24812779091399587,38.7131477871918
0.24812779091399584,38.613187787191805
0.24812779091399584,38.679827787191805
0.1816378481267039,38.74276954149339
0.21357078199311488,38.74014905352964
0.2148077909139959,38.7131477871918
0.24588484263730864,38.73576001954856
0.2730485763430128,38.732003971001596
0.18148779091399594,38.579867787191795
0.1814877909139959,38.5132277871918
0.18148779091399594,38.5465477871918
0.21480779091399593,38.5132277871918
0.2148077909139959,38.5465477871918
0.2148077909139959,38.579867787191795
0.24812779091399584,38.513227787191795
0.24812779091399587,38.54654778719179
0.24812779091399587,38.5798677871918
0.28144779091399574,38.5465477871918
0.2813301156372137,38.713012154259836
0.31389593545941413,38.71006455110023
0.34674639814473773,38.70578587474196
0.28144779091399574,38.613187787191805
0.28144779091399574,38.579867787191795
0.28144779091399574,38.5132277871918
0.3147677909139957,38.613187787191805
0.31476779091399576,38.579867787191795
0.3147677909139957,38.5132277871918
0.31476779091399576,38.5465477871918
0.3480877909139958,38.579867787191795
0.3480877909139958,38.5132277871918
0.3480877909139958,38.5465477871918
0.28144779091399574,38.679827787191805
0.28144779091399574,38.6465077871918
0.3147677909139957,38.679827787191805
0.31476779091399576,38.6465077871918
0.3480877909139958,38.613187787191805
0.3480877909139958,38.6465077871918
0.3480877909139958,38.679827787191805
0.3814077909139958,38.613187787191805
0.3814077909139958,38.679827787191805
0.38140779091399585,38.6465077871918
0.38140779091399585,38.5465477871918
0.38140779091399585,38.579867787191795
0.3814077909139958,38.5132277871918
0.4147277909139958,38.5132277871918
0.4147277909139958,38.579867787191795
0.4147277909139958,38.613187787191805
0.4147277909139958,38.5465477871918
0.4480477909139958,38.5132277871918
0.4480477909139959,38.5465477871918
0.4480477909139959,38.579867787191795
0.40464464378899584,38.69825452938947
0.7170375584520581,39.144311687998176
0.7246321091450396,39.168852862165664
0.7500344747917252,39.17145468866486
0.5923969470815572,38.839355242365244
0.5973906421619126,38.90111781817811
0.5965477173071957,38.88274864549078
0.6272896787842739,38.94431246631011
0.6274612559066026,38.97818693731472
0.6281416859050694,39.004388456177196
0.6479677909139958,38.9463877871918
0.6479677909139959,38.9797077871918
0.6497868366915797,39.00884853235192
0.6163422763472581,38.91184651384064
0.6148459308592347,38.87989917161939
0.6147419038897267,38.84634312542571
0.6479677909139959,38.84642778719181
0.6479677909139958,38.879747787191796
0.6479677909139959,38.91306778719179
0.6812877909139958,38.84642778719181
0.6812877909139958,38.879747787191796
0.6812877909139958,38.91306778719179
0.7146077909139958,38.91306778719179
0.6645377679167619,39.03184661611121
0.688224072959997,39.08029830424946
0.6932481696750364,39.11215521797261
0.6939322439677015,39.135738523527934
0.685972570988369,39.0430014332851
0.7146077909139958,39.079667787191795
0.6812877909139958,38.9797077871918
0.6812984827382048,39.013017591803575
0.6812877909139958,38.9463877871918
0.7146077909139958,38.9797077871918
0.7146077909139958,38.9463877871918
0.7146077909139958,39.0130277871918
0.7479277909139959,38.946387787191796
0.7479277909139959,39.0130277871918
0.7479277909139959,38.9130677871918
0.7479277909139959,38.9797077871918
0.7146077909139958,38.879747787191796
0.7146077909139958,38.84642778719181
0.7146077909139958,38.8131077871918
0.7479277909139959,38.8464277871918
0.7479277909139959,38.879747787191796
0.7812477909139957,38.8131077871918
0.7812477909139957,38.879747787191796
0.7812477909139958,38.91306778719179
0.7812477909139958,38.84642778719181
0.8145677909139959,38.84642778719181
0.7146077909139958,39.1129877871918
0.7146077909139958,39.0463477871918
0.7479277909139959,39.1463077871918
0.7479277909139959,39.112987787191805
0.7479277909139959,39.079667787191795
0.7479277909139959,39.046347787191806
0.7812477909139957,39.079667787191795
0.7812477909139958,39.146307787191795
0.7812477909139958,39.1129877871918
0.8145677909139958,39.079667787191795
0.7812477909139958,38.9797077871918
0.7812477909139958,39.0463477871918
0.7812477909139957,38.9463877871918
0.7812477909139957,39.0130277871918
0.8145677909139959,38.9797077871918
0.8145677909139958,38.9463877871918
0.8145677909139958,39.0130277871918
0.8478877909139958,38.9463877871918
0.8478877909139958,38.9797077871918
0.8478877909139958,39.0130277871918
0.8145677909139958,38.879747787191796
0.8145677909139959,38.91306778719179
0.8145677909139958,38.8131077871918
0.8478877909139958,38.879747787191796
0.8478877909139958,38.91306778719179
0.8478877909139958,38.8131077871918
0.8478877909139958,38.84642778719181
0.8812077909139959,38.879747787191796
0.8812077909139958,38.84642778719181
0.8812077909139958,38.91306778719179
0.8145677909139959,39.146307787191795
0.8145677909139959,39.0463477871918
0.8145677909139959,39.1129877871918
0.8478877909139958,39.1129877871918
0.8478877909139958,39.079667787191795
0.8812077909139958,39.1129877871918
0.8812077909139959,39.079667787191795
0.8812077909139958,39.0463477871918
0.9145277909139958,39.1129877871918
0.9145277909139958,39.0463477871918
0.8478877909139958,39.0463477871918
0.8812077909139959,39.0130277871918
0.8812077909139958,38.9797077871918
0.8812077909139959,38.9463877871918
0.9145277909139958,39.0130277871918
0.9145277909139958,38.9797077871918
0.9145277909139958,38.9463877871918
0.947847790913996,38.9463877871918
0.947847790913996,39.0130277871918
0.9478477909139958,38.9797077871918
0.9145277909139958,38.84642778719181
0.9145277909139958,38.879747787191796
0.9145277909139958,38.91306778719179
0.9478477909139958,38.91306778719179
0.9478477909139958,38.84642778719181
0.947847790913996,38.879747787191796
0.9811677909139959,38.879747787191796
0.9811677909139958,38.84642778719181
0.9811677909139958,38.91306778719179
1.014487790913996,38.84642778719181
0.9145277909139958,39.079667787191795
0.9478477909139958,39.1129877871918
0.947847790913996,39.079667787191795
0.9478477909139958,39.0463477871918
0.9811677909139959,39.079667787191795
0.9811677909139958,39.0463477871918
0.9811677909139958,39.1129877871918
1.014487790913996,39.0463477871918
1.014487790913996,39.1129877871918
1.014487790913996,39.146307787191795
0.9811677909139959,39.0130277871918
0.9811677909139959,38.9463877871918
0.9811677909139958,38.9797077871918
1.014487790913996,38.9463877871918
1.014487790913996,38.9797077871918
1.014487790913996,39.0130277871918
1.0478077909139958,38.9463877871918
1.0478077909139958,38.9797077871918
1.0478077909139958,39.0130277871918
1.081127790913996,39.0463477871918
1.014487790913996,38.879747787191796
1.014487790913996,38.91306778719179
1.0478077909139958,38.84642778719181
1.0478077909139958,38.91306778719179
1.0478077909139958,38.879747787191796
1.081127790913996,38.84642778719181
1.081127790913996,38.879747787191796
1.081127790913996,38.91306778719179
1.1144477909139958,38.91306778719179
1.1144477909139958,38.879747787191796
1.014487790913996,39.079667787191795
1.0478077909139958,39.146307787191795
1.0478077909139958,39.1129877871918
1.0478077909139958,39.079667787191795
1.0478077909139958,39.0463477871918
1.081127790913996,39.146307787191795
1.081127790913996,39.1129877871918
1.081127790913996,39.079667787191795
1.1144477909139958,39.079667787191795
1.1144477909139958,39.0463477871918
1.081127790913996,39.0130277871918
1.081127790913996,38.9463877871918
1.081127790913996,38.9797077871918
1.1144477909139958,39.0130277871918
1.1144477909139958,38.9797077871918
1.1144477909139958,38.9463877871918
1.1477677909139958,39.0130277871918
1.147767790913996,38.9797077871918
1.1477677909139958,38.9463877871918
1.1810877909139958,38.9797077871918
0.7936440506318302,39.19914709523847
0.7821884549393046,39.17830275829723
0.8173720085614046,39.20919989484088
0.8145677909139958,39.179627787191805
0.8478877909139958,39.146307787191795
0.8546039835946663,39.23712215547478
0.8478877909139958,39.179627787191805
0.8478881332182178,39.21294744309419
0.8816996562021159,39.24579106929148
0.889234188129485,39.27102698558023
0.9150217452035961,39.2790961058923
0.9614957131804451,39.370252995940135
0.8812077909139959,39.179627787191805
0.8812077909139958,39.146307787191795
0.8812077909139958,39.2129477871918
0.9145277909139958,39.146307787191795
0.9145277909139958,39.246267787191805
0.9145277909139958,39.179627787191805
0.9145277909139958,39.2129477871918
0.947847790913996,39.179627787191805
0.9478477909139958,39.2129477871918
0.9478477909139958,39.146307787191795
0.9234903339501285,39.30445871300973
0.947847790913996,39.246267787191805
0.9479743439406342,39.31278831640961
0.9538550816548024,39.3429666682247
0.9478477909139958,39.2795877871918
0.9811677909139959,39.312907787191804
0.9811677909139958,39.3462277871918
0.9811677909139958,39.2795877871918
1.014487790913996,39.3462277871918
1.014487790913996,39.312907787191804
0.9918669777740099,39.44278153339262
0.9815196475186091,39.379246925687454
0.9861394508180255,39.411332737378174
1.014487790913996,39.3795477871918
1.0128955673792357,39.44242620574809
1.014487790913996,39.4128677871918
1.0478077909139958,39.3795477871918
1.0478077909139958,39.4128677871918
0.9811677909139959,39.179627787191805
0.9811677909139959,39.246267787191805
0.9811677909139958,39.146307787191795
0.9811677909139958,39.2129477871918
1.014487790913996,39.246267787191805
1.014487790913996,39.2129477871918
1.014487790913996,39.179627787191805
1.0478077909139958,39.246267787191805
1.0478077909139958,39.179627787191805
1.0478077909139958,39.2129477871918
1.014487790913996,39.2795877871918
1.0478077909139958,39.312907787191804
1.0478077909139958,39.2795877871918
1.081127790913996,39.312907787191804
1.081127790913996,39.2795877871918
1.081127790913996,39.246267787191805
1.081127790913996,39.3462277871918
1.1144477909139958,39.246267787191805
1.1144477909139958,39.3462277871918
1.1144477909139958,39.312907787191804
1.044084222417314,39.4356935382793
1.0478077909139958,39.3462277871918
1.0799684724272658,39.411041936139654
1.081127790913996,39.3795477871918
1.0671967038018846,39.43070563925421
1.1144477909139958,39.3795477871918
1.111834594869509,39.40441234676459
1.1374042898133003,39.39889537396389
1.1473358115738943,39.379011084020185
1.081127790913996,39.2129477871918
1.081127790913996,39.179627787191805
1.1144477909139958,39.179627787191805
1.1144477909139958,39.2129477871918
1.1477677909139958,39.179627787191805
1.147767790913996,39.2129477871918
1.1810877909139958,39.1796277871918
1.1810877909139958,39.2129477871918
1.2144077909139959,39.2462677871918
1.2144077909139959,39.1796277871918
1.081127790913996,38.5465477871918
1.081127790913996,38.5132277871918
1.1144477909139958,38.5465477871918
1.1144477909139958,38.579867787191795
1.1144477909139958,38.5132277871918
1.147767790913996,38.579867787191795
1.147767790913996,38.5465477871918
1.1477677909139958,38.613187787191805
1.1477677909139958,38.5132277871918
1.1810877909139958,38.5798677871918
1.1144477909139958,38.613187787191805
1.1144477909139958,38.679827787191805
1.1144477909139958,38.7131477871918
1.1477677909139958,38.679827787191805
1.147767790913996,38.6465077871918
1.1810877909139958,38.679827787191805
1.1810877909139958,38.613187787191805
1.1810877909139958,38.6465077871918
1.2144077909139959,38.6465077871918
1.2144077909139959,38.6131877871918
1.1477677909139958,38.746467787191804
1.1810877909139958,38.77978778719181
1.1810877909139958,38.7464677871918
1.1810877909139958,38.7131477871918
1.2144077909139959,38.77978778719181
1.2144077909139959,38.713147787191794
1.2144077909139959,38.7464677871918
1.2477277909139957,38.77978778719181
1.2477277909139959,38.7464677871918
1.281047790913996,38.77978778719181
1.1810877909139958,38.513227787191795
1.1810877909139958,38.54654778719179
1.2144077909139959,38.513227787191795
1.2144077909139959,38.5465477871918
1.2144077909139959,38.57986778719181
1.2477277909139959,38.513227787191795
1.2477277909139957,38.5798677871918
1.2477277909139957,38.54654778719179
1.281047790913996,38.57986778719181
1.2810477909139961,38.513227787191795
1.2144077909139959,38.679827787191805
1.2477277909139959,38.679827787191805
1.2477277909139959,38.613187787191805
1.2477277909139957,38.6465077871918
1.2477277909139957,38.7131477871918
1.2810477909139961,38.679827787191805
1.2810477909139961,38.6131877871918
1.281047790913996,38.6465077871918
1.281047790913996,38.713147787191794
1.314367790913996,38.679827787191805
1.2810477909139961,38.8131077871918
1.2810477909139961,38.7464677871918
1.314367790913996,38.7464677871918
1.3143677909139961,38.7131477871918
1.3143677909139961,38.77978778719181
1.347687790913996,38.77978778719181
1.347687790913996,38.713147787191794
1.347687790913996,38.7464677871918
1.381007790913996,38.7464677871918
1.381007790913996,38.813107787191804
1.281047790913996,38.5465477871918
1.3143677909139961,38.54654778719179
1.3143677909139961,38.5798677871918
1.314367790913996,38.513227787191795
1.347687790913996,38.5465477871918
1.347687790913996,38.57986778719181
1.347687790913996,38.513227787191795
1.381007790913996,38.513227787191795
1.381007790913996,38.5798677871918
1.381007790913996,38.613187787191805
1.314367790913996,38.613187787191805
1.3143677909139961,38.6465077871918
1.347687790913996,38.6131877871918
1.347687790913996,38.6465077871918
1.347687790913996,38.679827787191805
1.381007790913996,38.679827787191805
1.381007790913996,38.7131477871918
1.381007790913996,38.6465077871918
1.414327790913996,38.6465077871918
1.414327790913996,38.679827787191805
1.381007790913996,38.77978778719181
1.414327790913996,38.7131477871918
1.414327790913996,38.7797877871918
1.414327790913996,38.8131077871918
1.414327790913996,38.746467787191804
1.447647790913996,38.8131077871918
1.447647790913996,38.746467787191804
1.4476477909139962,38.7797877871918
1.4809677909139958,38.7131477871918
1.4809677909139958,38.7797877871918
1.381007790913996,38.54654778719179
1.414327790913996,38.5465477871918
1.414327790913996,38.579867787191795
1.414327790913996,38.5132277871918
1.4476477909139962,38.579867787191795
1.4476477909139962,38.5465477871918
1.447647790913996,38.613187787191805
1.447647790913996,38.5132277871918
1.480967790913996,38.5132277871918
1.4809677909139958,38.579867787191795
0.7812477909139958,38.479907787191806
0.7812477909139957,38.5132277871918
0.7812477909139958,38.579867787191795
0.8145677909139959,38.479907787191806
0.8145677909139958,38.5132277871918
0.8145677909139959,38.579867787191795
0.8145677909139959,38.5465477871918
0.8478877909139958,38.579867787191795
0.8478877909139958,38.5465477871918
0.8478877909139958,38.5132277871918
0.7812477909139958,38.7131477871918
0.7812477909139957,38.746467787191804
0.7812477909139958,38.7797877871918
0.8145677909139959,38.7797877871918
0.8145677909139958,38.746467787191804
0.8478877909139958,38.746467787191804
0.8478877909139958,38.7131477871918
0.8478877909139958,38.7797877871918
0.8812077909139958,38.7797877871918
0.8812077909139959,38.8131077871918
0.8145677909139958,38.679827787191805
0.8145677909139959,38.7131477871918
0.8145677909139959,38.6465077871918
0.8478877909139958,38.613187787191805
0.8478877909139958,38.679827787191805
0.8478877909139958,38.6465077871918
0.8812077909139959,38.679827787191805
0.8812077909139958,38.6465077871918
0.8812077909139959,38.613187787191805
0.9145277909139958,38.613187787191805
0.8812077909139959,38.746467787191804
0.8812077909139958,38.7131477871918
0.9145277909139958,38.8131077871918
0.9145277909139958,38.7131477871918
0.9145277909139958,38.746467787191804
0.9145277909139958,38.7797877871918
0.9478477909139958,38.7131477871918
0.947847790913996,38.8131077871918
0.947847790913996,38.746467787191804
0.9478477909139958,38.7797877871918
0.8812077909139959,38.5132277871918
0.8812077909139958,38.579867787191795
0.8812077909139958,38.5465477871918
0.9145277909139958,38.579867787191795
0.9145277909139958,38.5132277871918
0.9145277909139958,38.479907787191806
0.9145277909139958,38.5465477871918
0.947847790913996,38.5132277871918
0.9478477909139958,38.579867787191795
0.9478477909139958,38.5465477871918
0.9145277909139958,38.679827787191805
0.9145277909139958,38.6465077871918
0.947847790913996,38.679827787191805
0.947847790913996,38.613187787191805
0.9478477909139958,38.6465077871918
0.9811677909139959,38.679827787191805
0.9811677909139958,38.6465077871918
0.9811677909139959,38.613187787191805
0.9811677909139958,38.7131477871918
1.014487790913996,38.6465077871918
0.9811677909139959,38.746467787191804
0.9811677909139959,38.8131077871918
0.9811677909139958,38.7797877871918
1.014487790913996,38.8131077871918
1.014487790913996,38.746467787191804
1.014487790913996,38.7131477871918
1.014487790913996,38.7797877871918
1.0478077909139958,38.746467787191804
1.0478077909139958,38.7797877871918
1.0478077909139958,38.8131077871918
0.9811677909139959,38.5132277871918
0.9811677909139958,38.579867787191795
0.9811677909139958,38.5465477871918
1.014487790913996,38.5132277871918
1.014487790913996,38.5465477871918
1.014487790913996,38.579867787191795
1.0478077909139958,38.5132277871918
1.0478077909139958,38.579867787191795
1.0478077909139958,38.5465477871918
1.081127790913996,38.579867787191795
1.014487790913996,38.613187787191805
1.014487790913996,38.679827787191805
1.0478077909139958,38.7131477871918
1.0478077909139958,38.613187787191805
1.0478077909139958,38.679827787191805
1.0478077909139958,38.6465077871918
1.081127790913996,38.613187787191805
1.081127790913996,38.679827787191805
1.081127790913996,38.6465077871918
1.1144477909139958,38.6465077871918
1.081127790913996,38.8131077871918
1.081127790913996,38.7131477871918
1.081127790913996,38.7797877871918
1.081127790913996,38.746467787191804
1.1144477909139958,38.746467787191804
1.1144477909139958,38.8131077871918
1.1144477909139958,38.7797877871918
1.147767790913996,38.7131477871918
1.147767790913996,38.7797877871918
1.1477677909139958,38.8131077871918
0.7750605986118547,38.044863878903264
0.7705708062834334,37.98916291354604
0.7792847281195466,38.01448678772486
0.8158653481803867,38.055438594283736
0.8003454601588977,38.01204066441803
0.848186218569361,38.05417373298165
0.7812477909139957,38.1133877871918
0.8145677909139959,38.0800677871918
0.8145677909139958,38.1133877871918
0.8145677909139959,38.1467077871918
0.8478877909139958,38.0800677871918
0.8478877909139958,38.1467077871918
0.8478877909139958,38.1133877871918
0.8478877909139958,38.1800277871918
0.8812077909139959,38.1133877871918
0.8812077909139958,38.0800677871918
0.8814772571599994,38.05318310124507
0.9147734197045051,38.052192317036464
0.9480734568969028,38.051201417531104
0.9813764950403121,38.05021042872731
0.8812077909139958,38.1467077871918
0.9145277909139958,38.0800677871918
0.9145277909139958,38.1133877871918
0.9145277909139958,38.1467077871918
0.9478477909139958,38.1467077871918
0.9478477909139958,38.0800677871918
0.947847790913996,38.1133877871918
0.9811677909139959,38.1133877871918
0.9811677909139958,38.1467077871918
0.9811677909139958,38.0800677871918
1.0146819047547626,38.04921936935338
1.0479892211576125,38.04822825324267
1.093901946011718,38.02715692579104
1.014487790913996,38.1467077871918
1.014487790913996,38.1133877871918
1.014487790913996,38.0800677871918
1.0478077909139958,38.1133877871918
1.0478077909139958,38.1467077871918
1.0478077909139958,38.0800677871918
1.081127790913996,38.1467077871918
1.081127790913996,38.1133877871918
1.081127790913996,38.0800677871918
1.1144477909139958,38.0800677871918
1.081331801189408,38.0471690415583
1.117710512398089,38.01818389509239
1.1308409105320885,37.99656649521293
1.1477677909139958,38.0467477871918
1.1530664814123113,37.988184782941744
1.147767790913996,38.0134277871918
1.1810877909139958,38.046747787191805
1.1810877909139958,38.0134277871918
0.7812477909139957,38.44658778719181
0.8145677909139958,38.44658778719181
0.8145677909139959,38.4132677871918
0.8478877909139958,38.379947787191796
0.8478877909139958,38.44658778719181
0.8478877909139958,38.479907787191806
0.8478877909139958,38.4132677871918
0.8812077909139959,38.44658778719181
0.8812077909139958,38.4132677871918
0.8812077909139958,38.479907787191806
0.8145677909139958,38.3133077871918
0.8145677909139959,38.2799877871918
0.8145677909139958,38.379947787191796
0.8145677909139959,38.34662778719179
0.8478877909139958,38.2799877871918
0.8478877909139958,38.34662778719179
0.8478877909139958,38.3133077871918
0.8812077909139958,38.2799877871918
0.8812077909139959,38.379947787191796
0.8812077909139959,38.3133077871918
0.8145677909139959,38.21334778719179
0.8145677909139958,38.1800277871918
0.8145677909139958,38.24666778719179
0.8478877909139958,38.21334778719179
0.8478877909139958,38.24666778719179
0.8812077909139959,38.1800277871918
0.8812077909139958,38.21334778719179
0.8812077909139959,38.24666778719179
0.9145277909139958,38.21334778719179
0.9145277909139958,38.24666778719179
0.9145277909139958,38.4132677871918
0.9145277909139958,38.379947787191796
0.9145277909139958,38.44658778719181
0.947847790913996,38.44658778719181
0.9478477909139958,38.4132677871918
0.9478477909139958,38.479907787191806
0.947847790913996,38.379947787191796
0.9811677909139959,38.44658778719181
0.9811677909139958,38.4132677871918
0.9811677909139959,38.379947787191796
0.8812077909139958,38.34662778719179
0.9145277909139958,38.3133077871918
0.9145277909139958,38.34662778719179
0.947847790913996,38.3133077871918
0.9478477909139958,38.2799877871918
0.9478477909139958,38.34662778719179
0.9811677909139959,38.3133077871918
0.9811677909139958,38.34662778719179
0.9811677909139958,38.2799877871918
1.014487790913996,38.34662778719179
0.9145277909139958,38.1800277871918
0.9145277909139958,38.2799877871918
0.947847790913996,38.1800277871918
0.947847790913996,38.24666778719179
0.9478477909139958,38.21334778719179
0.9811677909139958,38.21334778719179
0.9811677909139959,38.24666778719179
0.9811677909139959,38.1800277871918
1.014487790913996,38.21334778719179
1.014487790913996,38.24666778719179
0.9811677909139958,38.479907787191806
1.014487790913996,38.379947787191796
1.014487790913996,38.479907787191806
1.014487790913996,38.4132677871918
1.014487790913996,38.44658778719181
1.0478077909139958,38.4132677871918
1.0478077909139958,38.44658778719181
1.0478077909139958,38.479907787191806
1.081127790913996,38.4132677871918
1.081127790913996,38.479907787191806
1.014487790913996,38.1800277871918
1.014487790913996,38.2799877871918
1.0478077909139958,38.21334778719179
1.0478077909139958,38.1800277871918
1.0478077909139958,38.24666778719179
1.081127790913996,38.1800277871918
1.081127790913996,38.21334778719179
1.081127790913996,38.24666778719179
1.1144477909139958,38.24666778719179
1.1144477909139958,38.21334778719179
1.014487790913996,38.3133077871918
1.0478077909139958,38.34662778719179
1.0478077909139958,38.379947787191796
1.0478077909139958,38.2799877871918
1.0478077909139958,38.3133077871918
1.081127790913996,38.3133077871918
1.081127790913996,38.2799877871918
1.081127790913996,38.379947787191796
1.081127790913996,38.34662778719179
1.1144477909139958,38.2799877871918
1.081127790913996,38.44658778719181
1.1144477909139958,38.4132677871918
1.1144477909139958,38.44658778719181
1.1144477909139958,38.479907787191806
1.1144477909139958,38.379947787191796
1.147767790913996,38.479907787191806
1.1477677909139958,38.44658778719181
1.147767790913996,38.4132677871918
1.1477677909139958,38.379947787191796
1.1810877909139958,38.4799077871918
1.2146478382341261,37.95537964972025
1.1144477909139958,38.0467477871918
1.1144477909139958,38.1467077871918
1.1144477909139958,38.1133877871918
1.147767790913996,38.1467077871918
1.147767790913996,38.0800677871918
1.1477677909139958,38.1133877871918
1.1810877909139958,38.113387787191805
1.1810877909139958,38.14670778719181
1.1810877909139958,38.08006778719179
1.2144077909139959,38.1467077871918
1.189892160585723,37.95769388466319
1.181561196109277,37.98061049783007
1.2144077909139959,38.0134277871918
1.2144077909139959,37.980107787191805
1.2144077909139959,38.046747787191805
1.2477277909139957,38.0134277871918
1.2477277909139959,38.046747787191805
1.2479084405948722,37.954705181988054
1.2477277909139957,37.9801077871918
1.2810477909139961,38.046747787191805
1.2144077909139959,38.0800677871918
1.2144077909139959,38.113387787191805
1.2477277909139957,38.08006778719179
1.2477277909139957,38.14670778719181
1.2477277909139959,38.113387787191805
1.281047790913996,38.1467077871918
1.2810477909139961,38.113387787191805
1.281047790913996,38.0800677871918
1.3143677909139961,38.14670778719181
1.314367790913996,38.113387787191805
1.2687116760197628,37.9580264137925
1.281047790913996,38.0134277871918
1.2780337539156905,37.9825964756828
1.3143652850901257,38.046750286344775
1.3089726556553338,38.017209171920385
1.2997832722023088,37.99416550735042
1.3397131312340653,38.05251793424166
1.3143677909139961,38.08006778719179
1.347687790913996,38.1467077871918
1.347687790913996,38.113387787191805
1.347250520175215,38.08048618410406
1.381007790913996,38.14670778719181
1.3795134112922975,38.11473444333795
1.3707847274166112,38.08865702779958
1.4111967163950658,38.1492744890452
1.401856323599155,38.1247961213575
1.4329279197817006,38.16093521491541
1.1144477909139958,38.1800277871918
1.1477677909139958,38.1800277871918
1.147767790913996,38.2799877871918
1.147767790913996,38.21334778719179
1.1477677909139958,38.24666778719179
1.1810877909139958,38.2133477871918
1.1810877909139958,38.27998778719179
1.1810877909139958,38.2466677871918
1.1810877909139958,38.180027787191804
1.2144077909139959,38.2133477871918
1.1144477909139958,38.34662778719179
1.1144477909139958,38.3133077871918
1.1477677909139958,38.3133077871918
1.147767790913996,38.34662778719179
1.1810877909139958,38.34662778719179
1.1810877909139958,38.3133077871918
1.2144077909139959,38.3466277871918
1.2144077909139959,38.313307787191796
1.2144077909139959,38.379947787191796
1.2477277909139957,38.34662778719179
1.1810877909139958,38.413267787191806
1.1810877909139958,38.4465877871918
1.1810877909139958,38.3799477871918
1.2144077909139959,38.479907787191806
1.2144077909139959,38.41326778719179
1.2144077909139959,38.4465877871918
1.2477277909139959,38.4465877871918
1.2477277909139957,38.413267787191806
1.2477277909139957,38.4799077871918
1.2810477909139961,38.4465877871918
1.2144077909139959,38.27998778719181
1.2144077909139959,38.1800277871918
1.2144077909139959,38.2466677871918
1.2477277909139957,38.2133477871918
1.2477277909139959,38.180027787191804
1.2477277909139959,38.2466677871918
1.2810477909139961,38.1800277871918
1.281047790913996,38.2133477871918
1.2810477909139961,38.2466677871918
1.3143677909139961,38.2133477871918
1.2477277909139959,38.3133077871918
1.2477277909139957,38.27998778719179
1.2477277909139959,38.3799477871918
1.2810477909139961,38.379947787191796
1.2810477909139961,38.313307787191796
1.281047790913996,38.3466277871918
1.281047790913996,38.27998778719181
1.3143677909139961,38.34662778719179
1.314367790913996,38.3133077871918
1.314367790913996,38.3799477871918
1.281047790913996,38.479907787191806
1.281047790913996,38.41326778719179
1.3143677909139961,38.413267787191806
1.3143677909139961,38.4799077871918
1.314367790913996,38.4465877871918
1.347687790913996,38.4465877871918
1.347687790913996,38.41326778719179
1.347687790913996,38.479907787191806
1.381007790913996,38.413267787191806
1.381007790913996,38.4465877871918
1.3143677909139961,38.27998778719179
1.347687790913996,38.313307787191796
1.347687790913996,38.3466277871918
1.347687790913996,38.27998778719181
1.347687790913996,38.379947787191796
1.381007790913996,38.3799477871918
1.381007790913996,38.3133077871918
1.381007790913996,38.27998778719179
1.381007790913996,38.34662778719179
1.414327790913996,38.34662778719179
1.314367790913996,38.2466677871918
1.314367790913996,38.180027787191804
1.347687790913996,38.2466677871918
1.347687790913996,38.1800277871918
1.347687790913996,38.2133477871918
1.381007790913996,38.2133477871918
1.381007790913996,38.180027787191804
1.381007790913996,38.2466677871918
1.414327790913996,38.1800277871918
1.414327790913996,38.21334778719179
1.381007790913996,38.4799077871918
1.414327790913996,38.4132677871918
1.414327790913996,38.479907787191806
1.414327790913996,38.44658778719181
1.447647790913996,38.44658778719181
1.4476477909139962,38.4132677871918
1.4476477909139962,38.479907787191806
1.480967790913996,38.379947787191796
1.4809677909139958,38.4132677871918
1.4809677909139958,38.479907787191806
1.414327790913996,38.24666778719179
1.4420816722050966,38.183889529693936
1.4476477909139962,38.2799877871918
1.447647790913996,38.24666778719179
1.4476398898141556,38.213355650483265
1.4804831908761784,38.247130089329715
1.472857778813457,38.21928764180665
1.4809677909139958,38.2799877871918
1.414327790913996,38.3133077871918
1.414327790913996,38.379947787191796
1.414327790913996,38.2799877871918
1.447647790913996,38.3133077871918
1.4476477909139962,38.34662778719179
1.447647790913996,38.379947787191796
1.4809677909139958,38.34662778719179
1.480967790913996,38.3133077871918
1.514287790913996,38.3133077871918
1.514287790913996,38.34662778719179
1.480967790913996,38.44658778719181
1.514287790913996,38.4132677871918
1.514287790913996,38.379947787191796
1.514287790913996,38.44658778719181
1.514287790913996,38.479907787191806
1.5476077909139958,38.44658778719181
1.5476077909139956,38.4132677871918
1.5476077909139956,38.479907787191806
1.5809277909139958,38.44658778719181
1.5809277909139958,38.479907787191806
1.5127118366246075,38.28140160837949
1.5476077909139958,38.379947787191796
1.5443569372558967,38.315952796304344
1.535000971178547,38.29156582892249
1.5476077909139956,38.34662778719179
1.5660725673610907,38.3277049224804
1.5790751346477279,38.350334072123886
1.6142477909139958,38.379947787191796
1.5039293749960012,38.25542673536457
1.5809277909139958,38.4132677871918
1.5809277909139958,38.379947787191796
1.6142477909139958,38.44658778719181
1.6142477909139958,38.4132677871918
1.6142477909139958,38.479907787191806
1.647567790913996,38.479907787191806
1.647567790913996,38.4132677871918
1.647567790913996,38.44658778719181
1.680887790913996,38.479907787191806
1.680887790913996,38.4132677871918
1.612779554485324,38.35565963840881
1.647567790913996,38.379947787191796
1.6444519938069795,38.359406475257586
1.6685722493982584,38.362259891804804
1.6804338427954126,38.38063849570496
1.680887790913996,38.44658778719181
1.7142077909139963,38.479907787191806
1.7142077909139963,38.4132677871918
1.7142077909139963,38.44658778719181
1.7475277909139961,38.413267787191806
1.7475277909139961,38.4465877871918
1.7475277909139961,38.4799077871918
1.7799117672112883,38.4473730144306
1.7725354935697077,38.416954810158984
1.7133171813250863,38.38421319927749
1.746022647716944,38.38813986943874
1.7658184655952542,38.393796781223315
1.8009178335579048,38.457369453312594
1.8082375982809047,38.482605513650924
1.1144477909139958,39.146307787191795
1.1144477909139958,39.1129877871918
1.147767790913996,39.0463477871918
1.1477677909139958,39.079667787191795
1.147767790913996,39.1129877871918
1.147767790913996,39.146307787191795
1.1810877909139958,39.1463077871918
1.1810877909139958,39.046347787191806
1.1810877909139958,39.112987787191805
1.1810877909139958,39.079667787191795
1.1144477909139958,38.84642778719181
1.147767790913996,38.84642778719181
1.147767790913996,38.91306778719179
1.1477677909139958,38.879747787191796
1.1810877909139958,38.9130677871918
1.1810877909139958,38.879747787191796
1.1810877909139958,38.8464277871918
1.1810877909139958,38.813107787191804
1.2144077909139959,38.8131077871918
1.2144077909139959,38.8797477871918
1.1810877909139958,39.0130277871918
1.1810877909139958,38.946387787191796
1.2144077909139959,39.0130277871918
1.2144077909139959,38.9463877871918
1.2144077909139959,38.9797077871918
1.2144077909139959,38.9130677871918
1.2477277909139957,38.9797077871918
1.2477277909139959,39.0130277871918
1.2477277909139959,38.946387787191796
1.2810477909139961,38.9463877871918
1.2144077909139959,39.079667787191795
1.2144077909139959,39.1129877871918
1.2144077909139959,39.1463077871918
1.2144077909139959,39.046347787191806
1.2477277909139957,39.046347787191806
1.2477277909139959,39.079667787191795
1.2477277909139957,39.1463077871918
1.2477277909139957,39.112987787191805
1.281047790913996,39.1129877871918
1.2810477909139961,39.079667787191795
1.2144077909139959,38.8464277871918
1.2477277909139959,38.879747787191796
1.2477277909139957,38.8464277871918
1.2477277909139959,38.813107787191804
1.2477277909139957,38.9130677871918
1.2810477909139961,38.8797477871918
1.281047790913996,38.8464277871918
1.281047790913996,38.9130677871918
1.314367790913996,38.879747787191796
1.314367790913996,38.813107787191804
1.281047790913996,39.1463077871918
1.281047790913996,39.046347787191806
1.3143677909139961,39.1463077871918
1.3143677909139961,39.046347787191806
1.314367790913996,39.079667787191795
1.3143677909139961,39.112987787191805
1.347687790913996,39.1129877871918
1.347687790913996,39.046347787191806
1.347687790913996,39.079667787191795
1.381007790913996,39.046347787191806
1.281047790913996,38.9797077871918
1.2810477909139961,39.0130277871918
1.314367790913996,39.0130277871918
1.314367790913996,38.946387787191796
1.3143677909139961,38.9797077871918
1.347687790913996,38.9797077871918
1.347687790913996,39.0130277871918
1.347687790913996,38.9463877871918
1.381007790913996,38.946387787191796
1.381007790913996,39.0130277871918
1.3143677909139961,38.8464277871918
1.3143677909139961,38.9130677871918
1.347687790913996,38.8131077871918
1.347687790913996,38.9130677871918
1.347687790913996,38.8464277871918
1.347687790913996,38.8797477871918
1.381007790913996,38.9130677871918
1.381007790913996,38.8464277871918
1.381007790913996,38.879747787191796
1.414327790913996,38.84642778719181
1.381007790913996,38.9797077871918
1.414327790913996,39.0130277871918
1.414327790913996,38.9463877871918
1.414327790913996,38.91306778719179
1.414327790913996,38.9797077871918
1.447647790913996,39.0130277871918
1.447647790913996,38.9463877871918
1.4476477909139962,38.9797077871918
1.480967790913996,39.0130277871918
1.4809677909139958,38.9797077871918
1.381007790913996,39.079667787191795
1.381007790913996,39.112987787191805
1.414327790913996,39.079667787191795
1.414327790913996,39.0463477871918
1.414327790913996,39.1129877871918
1.4476477909139962,39.0463477871918
1.447647790913996,39.079667787191795
1.4476477909139962,39.1129877871918
1.480967790913996,39.079667787191795
1.4809677909139958,39.1129877871918
1.1144477909139958,39.2795877871918
1.147767790913996,39.3462277871918
1.1477677909139958,39.312907787191804
1.147767790913996,39.2795877871918
1.1477677909139958,39.246267787191805
1.1810877909139958,39.2795877871918
1.1810877909139958,39.246267787191805
1.1810877909139958,39.312907787191804
1.1810877909139958,39.34622778719181
1.2144077909139959,39.2795877871918
1.1794161571584931,39.37391211700662
1.2102074004270829,39.36795866435217
1.2328565157076892,39.363579483092366
1.2144077909139959,39.2129477871918
1.2477277909139957,39.2129477871918
1.2477277909139959,39.1796277871918
1.2477277909139959,39.246267787191805
1.2810477909139961,39.2462677871918
1.2810477909139961,39.1796277871918
1.281047790913996,39.2129477871918
1.314367790913996,39.1796277871918
1.3143677909139961,39.2129477871918
1.314367790913996,39.246267787191805
1.2144077909139959,39.34622778719181
1.2144077909139959,39.312907787191804
1.2477277909139959,39.312907787191804
1.2465712483478242,39.34417104601343
1.2477277909139957,39.2795877871918
1.2810477909139961,39.312907787191804
1.281047790913996,39.2795877871918
1.3142112952190206,39.312732805718106
1.3143677909139961,39.2795877871918
1.3061411297173993,39.33278921401161
1.2788260008641827,39.33803292665947
1.3462086324545883,39.30847657898002
1.347687790913996,39.2795877871918
1.377842392833296,39.30243473443476
1.381007790913996,39.2795877871918
1.413548261360324,39.27846620903263
1.4018571535464979,39.297848069767525
1.414327790913996,39.246267787191805
1.347687790913996,39.1796277871918
1.347687790913996,39.2129477871918
1.347687790913996,39.2462677871918
1.347687790913996,39.1463077871918
1.381007790913996,39.1463077871918
1.381007790913996,39.246267787191805
1.381007790913996,39.2129477871918
1.381007790913996,39.1796277871918
1.414327790913996,39.146307787191795
1.414327790913996,39.2129477871918
1.414327790913996,39.179627787191805
1.447647790913996,39.246267787191805
1.4476477909139962,39.2129477871918
1.447647790913996,39.179627787191805
1.4476477909139962,39.146307787191795
1.4809677909139958,39.146307787191795
1.480967790913996,39.179627787191805
1.4809677909139958,39.2129477871918
1.514287790913996,39.146307787191795
1.514287790913996,39.2129477871918
1.4457905916743143,39.27279706596875
1.4941284096725127,39.33933858509322
1.4830752125286772,39.27829081700221
1.480967790913996,39.246267787191805
1.489112943289673,39.310932375911015
1.514287790913996,39.312907787191804
1.514287790913996,39.246267787191805
1.514287790913996,39.2795877871918
1.414327790913996,38.613187787191805
1.4476477909139962,38.6465077871918
1.447647790913996,38.679827787191805
1.4476477909139962,38.7131477871918
1.480967790913996,38.613187787191805
1.4809677909139958,38.6465077871918
1.480967790913996,38.679827787191805
1.514287790913996,38.7131477871918
1.514287790913996,38.6465077871918
1.514287790913996,38.679827787191805
1.480967790913996,38.8131077871918
1.480967790913996,38.746467787191804
1.514287790913996,38.746467787191804
1.514287790913996,38.7797877871918
1.514287790913996,38.8131077871918
1.5476077909139956,38.7797877871918
1.5476077909139956,38.7131477871918
1.5476077909139958,38.8131077871918
1.5476077909139958,38.746467787191804
1.5809277909139958,38.746467787191804
1.4809677909139958,38.5465477871918
1.514287790913996,38.579867787191795
1.514287790913996,38.5465477871918
1.514287790913996,38.5132277871918
1.5476077909139956,38.5465477871918
1.5476077909139956,38.579867787191795
1.5476077909139958,38.5132277871918
1.5809277909139958,38.5132277871918
1.5809277909139958,38.579867787191795
1.5809277909139958,38.5465477871918
1.514287790913996,38.613187787191805
1.5476077909139958,38.679827787191805
1.5476077909139958,38.613187787191805
1.5476077909139956,38.6465077871918
1.5809277909139958,38.679827787191805
1.5809277909139958,38.6465077871918
1.5809277909139958,38.613187787191805
1.6142477909139958,38.6465077871918
1.6142477909139958,38.679827787191805
1.6142477909139958,38.613187787191805
1.5809277909139958,38.7131477871918
1.5809277909139958,38.7797877871918
1.6142477909139958,38.8131077871918
1.6142477909139958,38.7131477871918
1.6142477909139958,38.746467787191804
1.6142477909139958,38.7797877871918
1.647567790913996,38.7131477871918
1.647567790913996,38.7797877871918
1.647567790913996,38.746467787191804
1.680887790913996,38.746467787191804
1.6142477909139958,38.5465477871918
1.6142477909139958,38.5132277871918
1.6142477909139958,38.579867787191795
1.647567790913996,38.5465477871918
1.647567790913996,38.579867787191795
1.647567790913996,38.5132277871918
1.680887790913996,38.579867787191795
1.680887790913996,38.5465477871918
1.680887790913996,38.5132277871918
1.7142077909139963,38.5132277871918
1.647567790913996,38.613187787191805
1.647567790913996,38.6465077871918
1.647567790913996,38.679827787191805
1.680887790913996,38.7131477871918
1.680887790913996,38.613187787191805
1.680887790913996,38.679827787191805
1.680887790913996,38.6465077871918
1.7142077909139963,38.7131477871918
1.7142077909139963,38.613187787191805
1.7142077909139963,38.6465077871918
1.680887790913996,38.7797877871918
1.7142077909139963,38.8131077871918
1.7142077909139963,38.746467787191804
1.7142077909139963,38.7797877871918
1.7475277909139961,38.7464677871918
1.7475277909139961,38.77978778719181
1.7475277909139961,38.813107787191804
1.780847790913996,38.7464677871918
1.7808477909139957,38.77978778719181
1.7808477909139957,38.713147787191794
1.7142077909139963,38.679827787191805
1.7475277909139961,38.613187787191805
1.7475277909139961,38.7131477871918
1.7475277909139961,38.679827787191805
1.7475277909139961,38.6465077871918
1.780847790913996,38.679827787191805
1.7808477909139957,38.6465077871918
1.780847790913996,38.6131877871918
1.8141677909139957,38.679827787191805
1.8141677909139957,38.613187787191805
1.7142077909139963,38.5465477871918
1.7142077909139963,38.579867787191795
1.7475277909139961,38.513227787191795
1.7475277909139961,38.5798677871918
1.7475277909139961,38.54654778719179
1.7808477909139957,38.5465477871918
1.780847790913996,38.513227787191795
1.7808477909139957,38.479907787191806
1.7808477909139957,38.57986778719181
1.813996743827795,38.51338876003091
1.414327790913996,38.879747787191796
1.4476477909139962,38.91306778719179
1.4476477909139962,38.84642778719181
1.447647790913996,38.879747787191796
1.4809677909139958,38.84642778719181
1.480967790913996,38.879747787191796
1.4809677909139958,38.91306778719179
1.514287790913996,38.84642778719181
1.514287790913996,38.91306778719179
1.514287790913996,38.879747787191796
1.4809677909139958,39.0463477871918
1.514287790913996,39.079667787191795
1.514287790913996,39.0463477871918
1.514287790913996,39.1129877871918
1.5476077909139956,39.0463477871918
1.5476077909139958,39.079667787191795
1.5476077909139956,39.1129877871918
1.5809277909139958,39.1129877871918
1.5809277909139958,39.0463477871918
1.5809277909139958,39.079667787191795
1.480967790913996,38.9463877871918
1.514287790913996,38.9463877871918
1.514287790913996,38.9797077871918
1.514287790913996,39.0130277871918
1.5476077909139958,38.9463877871918
1.5476077909139956,38.9797077871918
1.5476077909139958,39.0130277871918
1.5809277909139958,39.0130277871918
1.5809277909139958,38.9797077871918
1.5809277909139958,38.9463877871918
1.5476077909139956,38.84642778719181
1.5476077909139958,38.879747787191796
1.5476077909139956,38.91306778719179
1.5809277909139958,38.84642778719181
1.5809277909139958,38.879747787191796
1.5809277909139958,38.8131077871918
1.5809277909139958,38.91306778719179
1.6142477909139958,38.879747787191796
1.6142477909139958,38.91306778719179
1.6142477909139958,38.84642778719181
1.6142477909139958,38.9797077871918
1.6142477909139958,38.9463877871918
1.6142477909139958,39.0130277871918
1.647567790913996,38.9463877871918
1.647567790913996,39.0130277871918
1.647567790913996,38.9797077871918
1.680887790913996,38.9797077871918
1.680887790913996,39.0130277871918
1.680887790913996,38.9463877871918
1.680887790913996,38.91306778719179
1.6142477909139958,39.0463477871918
1.6142477909139958,39.079667787191795
1.6142477909139958,39.1129877871918
1.647567790913996,39.0463477871918
1.647567790913996,39.1129877871918
1.647567790913996,39.079667787191795
1.680887790913996,39.0463477871918
1.680887790913996,39.1129877871918
1.680887790913996,39.079667787191795
1.7142077909139963,39.079667787191795
1.647567790913996,38.91306778719179
1.647567790913996,38.879747787191796
1.647567790913996,38.8131077871918
1.647567790913996,38.84642778719181
1.680887790913996,38.879747787191796
1.680887790913996,38.84642778719181
1.680887790913996,38.8131077871918
1.7142077909139963,38.879747787191796
1.7142077909139963,38.91306778719179
1.7142077909139963,38.84642778719181
1.7142077909139963,38.9463877871918
1.7142077909139963,38.9797077871918
1.7142077909139963,39.0130277871918
1.7475277909139961,38.946387787191796
1.7475277909139961,39.0130277871918
1.7475277909139961,38.9797077871918
1.780847790913996,38.9463877871918
1.780847790913996,39.0130277871918
1.7808477909139957,38.9797077871918
1.8141677909139957,39.0130277871918
1.7142077909139963,39.1129877871918
1.7142077909139963,39.0463477871918
1.7475277909139961,39.112987787191805
1.7475277909139961,39.079667787191795
1.7475277909139961,39.046347787191806
1.780847790913996,39.079667787191795
1.7808477909139957,39.1129877871918
1.7808477909139957,39.046347787191806
1.8141677909139957,39.079667787191795
1.814167790913996,39.112987787191805
1.7475277909139961,38.9130677871918
1.7475277909139961,38.8464277871918
1.7475277909139961,38.879747787191796
1.7808477909139957,38.8464277871918
1.7808477909139957,38.9130677871918
1.780847790913996,38.8797477871918
1.780847790913996,38.8131077871918
1.814167790913996,38.9130677871918
1.814167790913996,38.8464277871918
1.8141677909139957,38.879747787191796
1.5174345761205363,39.37837178319599
1.522927325050569,39.41082777516771
1.5268164493751541,39.43559513088021
1.5332764512555963,39.432008686492196
1.547578412745486,39.37951647860358
1.5405769481861327,39.4104534106855
1.5143118717184785,39.346204718954496
1.5476077909139956,39.3462277871918
1.5476077909139958,39.312907787191804
1.5476077909139956,39.2795877871918
1.5809277909139958,39.3462277871918
1.5809277909139958,39.312907787191804
1.5809277909139958,39.2795877871918
1.6142477909139958,39.312907787191804
1.6107718224916303,39.34252322112845
1.6142477909139958,39.246267787191805
1.514287790913996,39.179627787191805
1.5476077909139958,39.179627787191805
1.5476077909139956,39.146307787191795
1.5476077909139958,39.246267787191805
1.5476077909139956,39.2129477871918
1.5809277909139958,39.2129477871918
1.5809277909139958,39.246267787191805
1.5809277909139958,39.179627787191805
1.5809277909139958,39.146307787191795
1.6142477909139958,39.146307787191795
1.576236746186117,39.372435510943475
1.5989118284256791,39.3642710291021
1.6142477909139958,39.2795877871918
1.640667215613749,39.30849271880823
1.6321082554894484,39.332551259563466
1.647567790913996,39.246267787191805
1.6470412357514206,39.27912792807291
1.6685684852632263,39.27258054610833
1.6142477909139958,39.179627787191805
1.6142477909139958,39.2129477871918
1.647567790913996,39.2129477871918
1.647567790913996,39.146307787191795
1.647567790913996,39.179627787191805
1.680887790913996,39.146307787191795
1.6756580104291339,39.24429147795643
1.6805502883522316,39.21268369986227
1.680887790913996,39.179627787191805
1.714119634343859,39.179538526892834
1.7142077909139963,39.146307787191795
1.707245457734446,39.20182682342101
1.7454775681214962,39.174269906308446
1.7475277909139961,39.1463077871918
1.7771814511650528,39.16871739654569
1.7808477909139957,39.1463077871918
1.8118647685458336,39.14303281757982
1.7990622094395818,39.163689127879046
1.8652353501704069,39.13063951328048
1.8141677909139957,38.946387787191796
1.814167790913996,39.046347787191806
1.814167790913996,38.9797077871918
1.847487790913996,39.0130277871918
1.847487790913996,38.9463877871918
1.8474877909139962,38.9797077871918
1.8808077909139957,38.9797077871918
1.880807790913996,38.946387787191796
1.880807790913996,39.0130277871918
1.914127790913996,38.9463877871918
1.843385818062761,39.13599525586726
1.8474877909139962,39.046347787191806
1.8474877909139962,39.1129877871918
1.847487790913996,39.079667787191795
1.873268110421422,39.10854472978453
1.8803545968277802,39.07920614721308
1.8808077909139957,39.046347787191806
1.9064214387477707,39.07032064027374
1.9140357289756023,39.04626047014741
1.8474877909139962,38.9130677871918
1.8474877909139962,38.8464277871918
1.847487790913996,38.8797477871918
1.8808077909139957,38.9130677871918
1.8808077909139957,38.8464277871918
1.880807790913996,38.879747787191796
1.914127790913996,38.91306778719179
1.914127790913996,38.84642778719181
1.914127790913996,38.879747787191796
1.9474477909139962,38.84642778719181
1.914127790913996,38.9797077871918
1.914127790913996,39.0130277871918
1.9474477909139958,39.0130277871918
1.9474477909139958,38.9463877871918
1.9474477909139962,38.9797077871918
1.9667136655507877,39.03227870194572
1.9773433257898272,39.00904139582586
1.980767790913996,38.9797077871918
1.9807677909139958,38.9463877871918
2.0007864704933866,38.999828304455285
1.943813951546492,39.03908246302693
1.9474477909139958,38.879747787191796
1.9474477909139962,38.91306778719179
1.9807677909139958,38.879747787191796
1.980767790913996,38.84642778719181
1.980767790913996,38.91306778719179
1.9807677909139958,38.8131077871918
2.0128805680566733,38.84740567525322
2.014087790913996,38.91306778719179
2.014087790913996,38.879747787191796
2.005233914986323,38.81715374519335
2.014087790913996,38.9463877871918
2.0133120230702377,38.97827014706392
2.047407790913996,38.9463877871918
2.0463684869083187,38.97594557947659
2.076683184564949,38.9486257096106
2.0753334570526385,38.97160476914082
2.0408862270923223,38.882632780710075
2.0337273746671425,38.85795149127089
2.047105028976232,38.913345905598135
2.0688267426297933,38.921524163360175
1.814167790913996,38.77978778719181
1.8141677909139957,38.813107787191804
1.8141677909139957,38.7464677871918
1.814167790913996,38.7131477871918
1.847487790913996,38.8131077871918
1.8474877909139962,38.77978778719181
1.847487790913996,38.7464677871918
1.880807790913996,38.7464677871918
1.8808077909139957,38.77978778719181
1.880807790913996,38.813107787191804
1.814167790913996,38.54654778719179
1.814167790913996,38.5798677871918
1.8360172015205554,38.52094212540188
1.8474877909139962,38.57986778719181
1.844008407834437,38.54863995462965
1.8711534529881706,38.58464195927736
1.8646735521685478,38.56230146415783
1.814167790913996,38.6465077871918
1.847487790913996,38.6131877871918
1.8474877909139962,38.713147787191794
1.847487790913996,38.679827787191805
1.8474877909139962,38.6465077871918
1.8808077909139957,38.7131477871918
1.8808077909139957,38.6465077871918
1.880807790913996,38.679827787191805
1.8791061467574992,38.61448242001828
1.9066966655873276,38.64974485678393
1.914127790913996,38.7797877871918
1.914127790913996,38.8131077871918
1.914127790913996,38.7131477871918
1.914127790913996,38.746467787191804
1.9474477909139958,38.8131077871918
1.9474477909139962,38.7797877871918
1.9474100154077172,38.74650457793756
1.9424570453402858,38.715596472808684
1.9699716560564997,38.75301948042567
1.9780538454062546,38.78159965991466
1.9135494639554396,38.68033707926031
1.8997729201311986,38.625874136247106
1.9348722880938491,38.689446808336385
1.9986280067044924,38.79437881918162
