latitide,longitude,data
-0.0697876134163164,38.75516334769772,0.0
-0.0434317404583581,38.71933746173814,0.0
-0.0505904769073444,38.74906944922655,0.0
-0.0376435846762693,38.67531608716589,0.0
-0.0059372090860043,38.7173127871918,0.0
-0.0059372090860043,38.67566278719181,0.0
-0.0136013830476978,38.74263471457992,0.0
-0.0290100911429725,38.60163474649803,0.0
-0.0352767211862511,38.53590729363937,0.0
-0.0371473176503613,38.63909516242349,0.0
-0.0050531579758333,38.59303014389228,0.0
-0.0034916437304858,38.54937249502366,0.0
-0.0059372090860043,38.6340127871918,0.0
0.0357127909139955,38.5923627871918,0.0
0.0357127909139955,38.6756627871918,0.0
0.0189399318919895,38.73884884400845,0.0
0.0349165256427923,38.71571296125612,0.0
0.0773840492786738,38.71362843002358,0.0
0.1192103187429277,38.71443780679305,0.0
0.1190127909139956,38.6756627871918,0.0
0.0357127909139956,38.550712787191806,0.0
0.0357127909139956,38.6340127871918,0.0
0.0773627909139956,38.5507127871918,0.0
0.0773627909139956,38.5923627871918,0.0
0.0773627909139956,38.6340127871918,0.0
0.0773627909139956,38.6756627871918,0.0
0.1190127909139956,38.5923627871918,0.0
0.1190127909139956,38.6340127871918,0.0
0.1190127909139956,38.5507127871918,0.0
0.1606627909139956,38.5923627871918,0.0
-0.0742006573965496,38.38208541469793,0.0
-0.0747374277502275,38.46334526683732,0.0
-0.0711134409651491,38.42705908106885,0.0
-0.0475349078017187,38.46735409393713,0.0
-0.0475872090860043,38.4257627871918,0.0
-0.0434268893381699,38.50881445118269,0.0
-0.0059372090860043,38.5090627871918,0.0
-0.0059372090860043,38.467412787191805,0.0
-0.0059372090860043,38.4257627871918,0.0
-0.0701158957516675,38.36124297620726,0.0
-0.0453368539907132,38.34309312688688,0.0
-0.0475872090860043,38.3841127871918,0.0
-0.0380846601915417,38.30980453637431,0.0
-0.0002528897709036,38.25939603517814,0.0
-0.0059372090860043,38.3841127871918,0.0
-0.0053263561485251,38.30138765069268,0.0
-0.0059372090860043,38.3424627871918,0.0
0.0357127909139955,38.3008127871918,0.0
0.0357127909139955,38.2591627871918,0.0
0.0357127909139955,38.3841127871918,0.0
0.0357127909139956,38.34246278719179,0.0
0.0773627909139956,38.3008127871918,0.0
0.0773627909139956,38.25916278719179,0.0
0.0773627909139956,38.3424627871918,0.0
0.1190127909139956,38.3424627871918,0.0
0.1190127909139956,38.25916278719179,0.0
0.005226485515587,38.23184858621112,0.0
0.0399786699966009,38.1778843004197,0.0
0.0362975446474324,38.21790436531533,0.0
0.0501991249505013,38.141607706186,0.0
0.0773809762328958,38.13423057886616,0.0
0.0773627909139956,38.2175127871918,0.0
0.0773627909139956,38.1758627871918,0.0
0.1190127909139956,38.1342127871918,0.0
0.1190127909139956,38.1758627871918,0.0
0.0357127909139956,38.4257627871918,0.0
0.0357127909139955,38.5090627871918,0.0
0.0357127909139955,38.46741278719181,0.0
0.0773627909139956,38.5090627871918,0.0
0.0773627909139956,38.4674127871918,0.0
0.0773627909139956,38.3841127871918,0.0
0.0773627909139956,38.4257627871918,0.0
0.1190127909139956,38.4257627871918,0.0
0.1190127909139956,38.4674127871918,0.0
0.1190127909139956,38.5090627871918,0.0
0.1190127909139956,38.3008127871918,0.0
0.1606627909139956,38.3841127871918,0.0
0.1606627909139956,38.3424627871918,0.0
0.1606627909139956,38.3008127871918,0.0
0.2023127909139957,38.2591627871918,0.0
0.2023127909139956,38.34246278719179,0.0
0.2023127909139957,38.3008127871918,0.0
0.2439627909139957,38.3424627871918,0.0
0.2439627909139957,38.25916278719179,0.0
0.2439627909139957,38.3008127871918,0.0
0.1190127909139956,38.2175127871918,0.0
0.1606627909139956,38.1758627871918,0.0
0.1606627909139956,38.2175127871918,0.0
0.1606627909139956,38.25916278719179,0.0
0.1606627909139956,38.1342127871918,0.0
0.2023127909139956,38.217512787191794,0.0
0.2023127909139957,38.1758627871918,0.0
0.2023127909139956,38.1342127871918,0.0
0.2439627909139957,38.2175127871918,0.0
0.2439627909139957,38.1758627871918,0.0
0.1190127909139956,38.3841127871918,0.0
0.1606627909139956,38.4674127871918,0.0
0.1606627909139956,38.4257627871918,0.0
0.1606627909139956,38.5090627871918,0.0
0.2023127909139957,38.3841127871918,0.0
0.2023127909139957,38.46741278719181,0.0
0.2023127909139956,38.4257627871918,0.0
0.2023127909139957,38.5090627871918,0.0
0.2439627909139957,38.4257627871918,0.0
0.2439627909139957,38.3841127871918,0.0
0.1606627909139956,38.5507127871918,0.0
0.1606627909139956,38.6340127871918,0.0
0.2023127909139956,38.550712787191806,0.0
0.2023127909139956,38.6340127871918,1.0
0.2023127909139957,38.5923627871918,0.0
0.2439627909139957,38.6340127871918,1.0
0.2439627909139957,38.5507127871918,0.0
0.2439627909139957,38.5923627871918,1.0
0.2439627909139957,38.6756627871918,1.0
0.2439627909139957,38.5090627871918,0.0
0.2439627909139957,38.4674127871918,0.0
0.2856127909139957,38.4674127871918,0.0
0.2856127909139956,38.4257627871918,0.0
0.3272627909139957,38.4257627871918,0.0
0.3272627909139957,38.3841127871918,0.0
0.3272627909139957,38.5090627871918,1.0
0.3272627909139957,38.4674127871918,0.0
0.3689127909139956,38.3841127871918,0.0
0.3689127909139956,38.4257627871918,0.0
0.3689127909139956,38.4674127871918,1.0
0.2439627909139957,38.1342127871918,0.0
0.2856127909139957,38.1758627871918,0.0
0.2856127909139956,38.1342127871918,0.0
0.2856127909139956,38.2175127871918,0.0
0.3272627909139957,38.1342127871918,0.0
0.3272627909139957,38.2175127871918,0.0
0.3272627909139957,38.1758627871918,0.0
0.3689127909139956,38.1342127871918,0.0
0.3689127909139956,38.2175127871918,0.0
0.3689127909139956,38.1758627871918,0.0
0.2856127909139957,38.6756627871918,1.0
0.2856127909139957,38.5923627871918,1.0
0.2856127909139956,38.6340127871918,1.0
0.2856127909139956,38.5507127871918,1.0
0.2856127909139957,38.5090627871918,0.0
0.3272627909139957,38.6340127871918,1.0
0.3272627909139957,38.5923627871918,1.0
0.3272627909139957,38.5507127871918,1.0
0.3689127909139956,38.6340127871918,1.0
0.3689127909139956,38.5090627871918,1.0
0.2856127909139956,38.3424627871918,0.0
0.2856127909139957,38.3841127871918,0.0
0.2856127909139957,38.25916278719179,0.0
0.2856127909139957,38.3008127871918,0.0
0.3272627909139957,38.3424627871918,0.0
0.3272627909139957,38.3008127871918,0.0
0.3272627909139957,38.25916278719179,0.0
0.3689127909139956,38.3424627871918,0.0
0.3689127909139956,38.25916278719179,0.0
0.3689127909139956,38.3008127871918,0.0
0.3689127909139956,38.5923627871918,1.0
0.3689127909139956,38.5507127871918,1.0
0.4105627909139955,38.6340127871918,1.0
0.4105627909139956,38.5923627871918,1.0
0.4105627909139955,38.5507127871918,1.0
0.4522127909139956,38.5923627871918,1.0
0.4522127909139957,38.550712787191806,1.0
0.4522127909139957,38.6340127871918,1.0
0.4938627909139957,38.5507127871918,1.0
0.4938627909139957,38.6340127871918,1.0
0.4105627909139956,38.5090627871918,1.0
0.4105627909139955,38.4257627871918,1.0
0.4105627909139956,38.4674127871918,1.0
0.4105627909139956,38.3841127871918,0.0
0.4522127909139956,38.46741278719181,1.0
0.4522127909139956,38.5090627871918,1.0
0.4522127909139957,38.4257627871918,1.0
0.4938627909139957,38.4674127871918,1.0
0.4938627909139957,38.4257627871918,1.0
0.4938627909139957,38.3841127871918,1.0
0.4105627909139955,38.3424627871918,0.0
0.4105627909139956,38.25916278719179,0.0
0.4105627909139956,38.3008127871918,0.0
0.4522127909139957,38.34246278719179,0.0
0.4522127909139956,38.3008127871918,0.0
0.4522127909139956,38.2591627871918,0.0
0.4522127909139956,38.3841127871918,1.0
0.4938627909139957,38.3008127871918,0.0
0.4938627909139957,38.3424627871918,1.0
0.4938627909139957,38.25916278719179,0.0
0.1606627909139956,38.6756627871918,1.0
0.1706716489569866,38.74585442060582,0.0
0.1609478583761315,38.71698059899193,0.0
0.200133762030077,38.74586568420221,0.0
0.2023127909139957,38.6756627871918,1.0
0.2023127909139956,38.7173127871918,1.0
0.235119257145126,38.741383680104086,1.0
0.2439103063880353,38.71725687192031,1.0
0.2845104782088476,38.71383463373608,1.0
0.3272627909139957,38.6756627871918,1.0
0.3256772627123727,38.70855121493042,1.0
0.3689127909139956,38.6756627871918,1.0
0.3659468589424249,38.70325484471789,1.0
0.3991211021128663,38.69898208107014,1.0
0.4103619149016496,38.67541582471897,1.0
0.4507816717831638,38.67154084604048,1.0
0.4943975676788688,38.66785916912563,1.0
0.5132449902378711,38.76352907246962,1.0
0.5116209168285567,38.70746385941533,1.0
0.5447811975721822,38.78984080708258,1.0
0.5966361313989148,38.88467538155709,1.0
0.5907319281673039,38.83374737604435,1.0
0.5783330212424647,38.799305947446015,1.0
0.6188885433333524,38.84219307076408,1.0
0.6188127909139957,38.8006127871918,1.0
0.623442974757568,38.92095846167008,1.0
0.4938627909139957,38.5923627871918,1.0
0.5355127909139958,38.5923627871918,1.0
0.5355127909139957,38.5507127871918,1.0
0.5355127909139957,38.6340127871918,1.0
0.5771627909139958,38.5923627871918,1.0
0.5771627909139958,38.5507127871918,1.0
0.5771627909139958,38.6340127871918,1.0
0.6188127909139957,38.6340127871918,1.0
0.6188127909139957,38.5923627871918,1.0
0.6188127909139957,38.5507127871918,1.0
0.4938627909139957,38.5090627871918,1.0
0.5355127909139958,38.3841127871918,1.0
0.5355127909139958,38.4674127871918,1.0
0.5355127909139957,38.4257627871918,1.0
0.5355127909139958,38.5090627871918,1.0
0.5771627909139958,38.4257627871918,1.0
0.5771627909139958,38.5090627871918,1.0
0.5771627909139958,38.4674127871918,1.0
0.6188127909139957,38.5090627871918,1.0
0.6188127909139957,38.4257627871918,1.0
0.5355127909139957,38.2175127871918,0.0
0.5355127909139957,38.1342127871918,0.0
0.5355127909139958,38.25916278719179,0.0
0.5771627909139958,38.1342127871918,0.0
0.5771627909139958,38.1758627871918,0.0
0.5771627909139958,38.2175127871918,0.0
0.6188127909139957,38.2175127871918,1.0
0.6188127909139957,38.1758627871918,0.0
0.6188127909139957,38.25916278719179,1.0
0.6188127909139957,38.1342127871918,0.0
0.5355127909139958,38.3008127871918,1.0
0.5355127909139957,38.3424627871918,1.0
0.5771627909139958,38.3424627871918,1.0
0.5771627909139958,38.3841127871918,1.0
0.5771627909139958,38.25916278719179,1.0
0.5771627909139958,38.3008127871918,1.0
0.6188127909139957,38.3008127871918,1.0
0.6188127909139957,38.3841127871918,1.0
0.6188127909139957,38.3424627871918,1.0
0.6604627909139957,38.2591627871918,1.0
0.6188127909139957,38.4674127871918,1.0
0.6604627909139957,38.46741278719181,1.0
0.6604627909139957,38.5090627871918,1.0
0.6604627909139957,38.4257627871918,1.0
0.7021127909139958,38.4257627871918,1.0
0.7021127909139958,38.4674127871918,1.0
0.7021127909139958,38.5090627871918,1.0
0.7437627909139958,38.4674127871918,1.0
0.7437627909139957,38.4257627871918,1.0
0.7437627909139958,38.5090627871918,1.0
0.6604627909139957,38.1758627871918,1.0
0.6604627909139957,38.1342127871918,0.0
0.6604627909139957,38.217512787191794,1.0
0.7021127909139958,38.1758627871918,1.0
0.7021127909139958,38.2175127871918,1.0
0.7021127909139958,38.1342127871918,1.0
0.7021127909139958,38.25916278719179,1.0
0.7437627909139958,38.1758627871918,1.0
0.7437627909139957,38.2175127871918,1.0
0.7437627909139957,38.1342127871918,1.0
0.6604627909139957,38.34246278719179,1.0
0.6604627909139957,38.3841127871918,1.0
0.6604627909139957,38.3008127871918,1.0
0.7021127909139958,38.3008127871918,1.0
0.7021127909139958,38.3424627871918,1.0
0.7021127909139958,38.3841127871918,1.0
0.7437627909139958,38.25916278719179,1.0
0.7437627909139958,38.3841127871918,1.0
0.7437627909139957,38.3424627871918,1.0
0.7437627909139958,38.3008127871918,1.0
0.6604627909139957,38.6340127871918,1.0
0.6604627909139957,38.550712787191806,1.0
0.6604627909139957,38.5923627871918,1.0
0.7021127909139958,38.6340127871918,1.0
0.7021127909139958,38.5923627871918,1.0
0.7021127909139958,38.5507127871918,1.0
0.7437627909139957,38.5507127871918,1.0
0.7437627909139957,38.6340127871918,1.0
0.7437627909139958,38.5923627871918,1.0
0.7854127909139957,38.6340127871918,1.0
0.7854127909139957,38.25916278719179,1.0
0.7854127909139957,38.3424627871918,1.0
0.7854127909139957,38.3008127871918,1.0
0.8270627909139958,38.3424627871918,1.0
0.8270627909139957,38.3841127871918,1.0
0.8270627909139957,38.3008127871918,1.0
0.8687127909139958,38.3008127871918,1.0
0.8687127909139958,38.34246278719179,1.0
0.8687127909139958,38.3841127871918,1.0
0.8687127909139958,38.2591627871918,1.0
0.7854127909139957,38.1758627871918,1.0
0.7854127909139957,38.2175127871918,1.0
0.7854127909139957,38.1342127871918,1.0
0.8270627909139957,38.25916278719179,1.0
0.8270627909139958,38.2175127871918,1.0
0.8270627909139957,38.1758627871918,1.0
0.8270627909139958,38.1342127871918,1.0
0.8687127909139958,38.1758627871918,1.0
0.8687127909139958,38.1342127871918,1.0
0.8687127909139958,38.217512787191794,1.0
0.5372946849151211,38.7595938795216,1.0
0.5355127909139958,38.6756627871918,1.0
0.5366994334556756,38.71657109158173,1.0
0.5771627909139958,38.6756627871918,1.0
0.5771627909139958,38.7173127871918,1.0
0.5771627909139958,38.758962787191805,1.0
0.6188127909139957,38.7173127871918,1.0
0.6188127909139957,38.758962787191805,1.0
0.6188127909139957,38.6756627871918,1.0
0.6604627909139957,38.6756627871918,1.0
0.6319096286609276,38.96803686744372,1.0
0.6324210394879136,39.000300497984064,1.0
0.6615599631346206,39.007018233960615,1.0
0.6189726941154208,38.88404197764272,1.0
0.6604627909139957,38.8006127871918,1.0
0.6604627909139957,38.8422627871918,1.0
0.6604627909139957,38.88391278719181,1.0
0.6604627909139957,38.925562787191794,1.0
0.7021127909139958,38.8006127871918,1.0
0.7021127909139958,38.925562787191794,1.0
0.7021127909139958,38.8422627871918,1.0
0.7021127909139958,38.8839127871918,1.0
0.7437627909139958,38.8839127871918,1.0
0.6604627909139957,38.7173127871918,1.0
0.6604627909139957,38.758962787191805,1.0
0.7021127909139958,38.7173127871918,1.0
0.7021127909139958,38.6756627871918,1.0
0.7021127909139958,38.758962787191805,1.0
0.7437627909139957,38.7173127871918,1.0
0.7437627909139958,38.6756627871918,1.0
0.7437627909139958,38.758962787191805,1.0
0.7854127909139957,38.758962787191805,1.0
0.7854127909139957,38.6756627871918,1.0
0.6604627909139957,38.967212787191805,1.0
0.6750313853735975,39.037401063119326,1.0
0.7021127909139958,39.0088627871918,1.0
0.7027519805764264,39.05031933386493,1.0
0.7021127909139958,38.967212787191805,1.0
0.7437627909139958,38.967212787191805,1.0
0.7437627909139957,39.0505127871918,1.0
0.7437627909139958,39.0088627871918,1.0
0.7854127909139957,39.0505127871918,1.0
0.7854127909139957,38.967212787191805,1.0
0.7437627909139957,38.8422627871918,1.0
0.7437627909139957,38.925562787191794,1.0
0.7437627909139958,38.8006127871918,1.0
0.7854127909139957,38.8422627871918,1.0
0.7854127909139957,38.8839127871918,1.0
0.7854127909139957,38.925562787191794,1.0
0.8270627909139958,38.8422627871918,1.0
0.8270627909139958,38.925562787191794,1.0
0.8270627909139957,38.8839127871918,1.0
0.8687127909139958,38.8006127871918,1.0
0.7854127909139957,38.8006127871918,1.0
0.7854127909139957,38.7173127871918,1.0
0.8270627909139957,38.6756627871918,1.0
0.8270627909139957,38.8006127871918,1.0
0.8270627909139957,38.758962787191805,1.0
0.8270627909139958,38.7173127871918,1.0
0.8687127909139958,38.6756627871918,1.0
0.8687127909139958,38.758962787191805,1.0
0.8687127909139958,38.7173127871918,1.0
0.910362790913996,38.7173127871918,1.0
0.7854127909139957,39.0088627871918,1.0
0.8270627909139957,38.967212787191805,1.0
0.8270627909139958,39.0505127871918,1.0
0.8270627909139957,39.0088627871918,1.0
0.8687127909139958,39.0505127871918,1.0
0.8687127909139958,39.0088627871918,1.0
0.8687127909139958,38.967212787191805,1.0
0.910362790913996,39.0088627871918,1.0
0.910362790913996,38.967212787191805,1.0
0.910362790913996,39.0505127871918,1.0
0.8687127909139958,38.88391278719181,1.0
0.8687127909139958,38.925562787191794,1.0
0.8687127909139958,38.8422627871918,1.0
0.910362790913996,38.925562787191794,1.0
0.910362790913996,38.8839127871918,1.0
0.910362790913996,38.8006127871918,1.0
0.910362790913996,38.8422627871918,1.0
0.952012790913996,38.8422627871918,1.0
0.9520127909139958,38.8839127871918,1.0
0.952012790913996,38.925562787191794,1.0
0.910362790913996,38.5923627871918,1.0
0.910362790913996,38.6340127871918,1.0
0.9520127909139958,38.5923627871918,1.0
0.952012790913996,38.6340127871918,1.0
0.9520127909139958,38.6756627871918,1.0
0.952012790913996,38.5507127871918,1.0
0.9936627909139956,38.6340127871918,1.0
0.9936627909139956,38.5507127871918,1.0
0.9936627909139958,38.5923627871918,1.0
1.0353127909139956,38.6340127871918,1.0
0.6793392181716532,39.08393822771399,1.0
0.7033858575453574,39.09110594613992,1.0
0.7077058165795644,39.131440517305705,1.0
0.718551828846675,39.162228940573456,1.0
0.7437627909139957,39.1338127871918,1.0
0.7437627909139958,39.0921627871918,1.0
0.7453817483872376,39.166794222917225,1.0
0.7854127909139957,39.0921627871918,1.0
0.7997076484921832,39.20213611368134,1.0
0.7854127909139957,39.1338127871918,1.0
0.8475383702816127,39.23826074864347,1.0
0.7862463371678861,39.174391619844585,1.0
0.8270627909139957,39.175462787191805,1.0
0.8270627909139957,39.0921627871918,1.0
0.8270627909139958,39.1338127871918,1.0
0.8294571829722553,39.21244861680222,1.0
0.8687127909139958,39.2171127871918,1.0
0.8687127909139958,39.1338127871918,1.0
0.8687127909139958,39.0921627871918,1.0
0.8687127909139958,39.1754627871918,1.0
0.910362790913996,39.1338127871918,1.0
0.930702350095198,39.322113314974565,1.0
0.8757939152601423,39.25194176149576,1.0
0.9103628281168576,39.25876274997275,1.0
0.9175062010923576,39.29303314477748,1.0
0.9520127909139958,39.3004127871918,1.0
0.952012790913996,39.2587627871918,1.0
0.9936627909139956,39.2587627871918,1.0
0.9936627909139958,39.3004127871918,1.0
1.0353127909139956,39.34206278719181,1.0
1.0353127909139956,39.2587627871918,1.0
1.035312790913996,39.3004127871918,1.0
0.910362790913996,39.175462787191805,1.0
0.910362790913996,39.0921627871918,1.0
0.910362790913996,39.2171127871918,1.0
0.9520127909139958,39.2171127871918,1.0
0.952012790913996,39.1338127871918,1.0
0.9520127909139958,39.175462787191805,1.0
0.9936627909139958,39.2171127871918,1.0
0.9936627909139958,39.175462787191805,1.0
0.9936627909139958,39.0921627871918,1.0
0.9936627909139956,39.1338127871918,1.0
0.7854127909139957,38.5507127871918,1.0
0.7854127909139957,38.5923627871918,1.0
0.7854127909139957,38.5090627871918,1.0
0.8270627909139957,38.5923627871918,1.0
0.8270627909139958,38.5507127871918,1.0
0.8270627909139958,38.6340127871918,1.0
0.8687127909139958,38.5923627871918,1.0
0.8687127909139958,38.6340127871918,1.0
0.8687127909139958,38.550712787191806,1.0
0.910362790913996,38.5507127871918,1.0
0.7854127909139957,38.4674127871918,1.0
0.7854127909139957,38.4257627871918,1.0
0.7854127909139957,38.3841127871918,1.0
0.8270627909139957,38.4674127871918,1.0
0.8270627909139957,38.5090627871918,1.0
0.8270627909139958,38.4257627871918,1.0
0.8687127909139958,38.4257627871918,1.0
0.8687127909139958,38.46741278719181,1.0
0.8687127909139958,38.5090627871918,1.0
0.910362790913996,38.4257627871918,1.0
0.910362790913996,38.3008127871918,1.0
0.910362790913996,38.3841127871918,1.0
0.910362790913996,38.25916278719179,1.0
0.910362790913996,38.3424627871918,1.0
0.9520127909139958,38.3008127871918,1.0
0.952012790913996,38.3424627871918,1.0
0.9520127909139958,38.3841127871918,1.0
0.9520127909139958,38.25916278719179,1.0
0.9936627909139958,38.3841127871918,1.0
0.9936627909139958,38.3008127871918,1.0
0.910362790913996,38.1758627871918,1.0
0.910362790913996,38.2175127871918,1.0
0.910362790913996,38.1342127871918,1.0
0.952012790913996,38.1342127871918,1.0
0.9520127909139958,38.1758627871918,1.0
0.952012790913996,38.2175127871918,1.0
0.9936627909139958,38.25916278719179,1.0
0.9936627909139956,38.2175127871918,1.0
0.9936627909139958,38.1758627871918,1.0
0.9936627909139956,38.1342127871918,1.0
0.910362790913996,38.5090627871918,1.0
0.910362790913996,38.4674127871918,1.0
0.9520127909139958,38.5090627871918,1.0
0.9520127909139958,38.4674127871918,1.0
0.952012790913996,38.4257627871918,1.0
0.9936627909139956,38.4257627871918,1.0
0.9936627909139958,38.4674127871918,1.0
0.9936627909139958,38.5090627871918,1.0
1.035312790913996,38.3841127871918,1.0
1.035312790913996,38.4674127871918,1.0
0.9936627909139956,38.3424627871918,1.0
1.035312790913996,38.3008127871918,1.0
1.035312790913996,38.25916278719179,1.0
1.0353127909139956,38.3424627871918,1.0
1.0769627909139958,38.3008127871918,1.0
1.0769627909139958,38.34246278719179,1.0
1.0769627909139958,38.2591627871918,1.0
1.1186127909139958,38.3008127871918,1.0
1.1186127909139958,38.259162787191805,1.0
1.1186127909139958,38.3841127871918,1.0
1.035312790913996,38.5090627871918,1.0
1.0353127909139956,38.4257627871918,1.0
1.0769627909139958,38.4257627871918,1.0
1.0769627909139958,38.46741278719181,1.0
1.0769627909139958,38.3841127871918,1.0
1.0769627909139958,38.5090627871918,1.0
1.1186127909139958,38.4257627871918,1.0
1.1186127909139958,38.5090627871918,1.0
1.1186127909139958,38.467412787191805,1.0
1.1602627909139958,38.5090627871918,1.0
1.1186127909139958,38.3424627871918,1.0
1.1602627909139958,38.2591627871918,1.0
1.1602627909139958,38.3008127871918,1.0
1.1602627909139958,38.34246278719179,1.0
1.1602627909139958,38.3841127871918,1.0
1.2019127909139955,38.3424627871918,1.0
1.2019127909139955,38.3008127871918,1.0
1.2435627909139957,38.3008127871918,1.0
1.243562790913996,38.3424627871918,1.0
1.2435627909139957,38.3841127871918,1.0
1.1602627909139958,38.6340127871918,1.0
1.1602627909139958,38.550712787191806,1.0
1.1602627909139958,38.5923627871918,1.0
1.2019127909139955,38.5090627871918,1.0
1.2019127909139955,38.5507127871918,1.0
1.2019127909139955,38.6340127871918,1.0
1.2019127909139955,38.5923627871918,1.0
1.243562790913996,38.6340127871918,1.0
1.2435627909139957,38.6756627871918,1.0
1.2435627909139957,38.5923627871918,1.0
1.1602627909139958,38.4257627871918,1.0
1.1602627909139958,38.46741278719181,1.0
1.2019127909139955,38.3841127871918,1.0
1.2019127909139955,38.4674127871918,1.0
1.2019127909139955,38.4257627871918,1.0
1.243562790913996,38.4257627871918,1.0
1.2435627909139957,38.5090627871918,1.0
1.2435627909139957,38.4674127871918,1.0
1.285212790913996,38.4257627871918,1.0
1.285212790913996,38.5090627871918,1.0
-0.1939133210179365,37.60744958928306,0.0
-0.2009303819540427,37.67375477672493,0.0
-0.2011796184197549,37.63907257273919,0.0
-0.169954672271385,37.59420833346591,0.0
-0.1669212823706164,37.55124919125733,0.0
-0.1725372090860044,37.67606278719179,0.0
-0.1725372090860044,37.634412787191806,0.0
-0.1308872090860042,37.634412787191806,0.0
-0.1308872090860042,37.67606278719179,0.0
-0.1308872090860042,37.5927627871918,0.0
-0.1521561819557408,37.31882578673221,0.0
-0.1541454031878977,37.34760853427135,0.0
-0.1568344618126961,37.386517477260846,0.0
-0.1282987228658792,37.303180563697765,0.0
-0.1308872090860042,37.3845127871918,0.0
-0.1308872090860042,37.342862787191805,0.0
-0.1976449213638567,37.71435688911576,0.0
-0.1664266293873658,37.751695833165726,0.0
-0.154974496530455,37.79527912305422,0.0
-0.1725188115506961,37.71769465410413,0.0
-0.1308872090860042,37.759362787191805,0.0
-0.1308872090860042,37.7177127871918,0.0
-0.1305173414273287,37.80066447877496,0.0
-0.0892372090860043,37.71771278719179,0.0
-0.1596622345032449,37.42743352326639,0.0
-0.1625171955479679,37.46874296721156,0.0
-0.1653762172558443,37.51018940634302,0.0
-0.1308872090860042,37.551112787191805,0.0
-0.1308872090860042,37.5094627871918,0.0
-0.1308872090860042,37.46781278719181,0.0
-0.0892372090860043,37.46781278719181,0.0
-0.1308872090860042,37.4261627871918,0.0
-0.0892372090860043,37.3845127871918,0.0
-0.0892372090860043,37.342862787191805,0.0
-0.0892372090860043,37.3012127871918,0.0
-0.0475872090860043,37.3012127871918,0.0
-0.0475872090860043,37.4261627871918,0.0
-0.0475872090860043,37.342862787191805,0.0
-0.0475872090860043,37.3845127871918,0.0
-0.0059372090860043,37.342862787191805,0.0
-0.0059372090860043,37.3012127871918,0.0
-0.0892372090860043,37.551112787191805,0.0
-0.0892372090860043,37.67606278719179,0.0
-0.0892372090860043,37.6344127871918,0.0
-0.0892372090860043,37.5927627871918,0.0
-0.0475872090860043,37.634412787191806,0.0
-0.0475872090860043,37.5927627871918,0.0
-0.0475872090860043,37.67606278719179,0.0
-0.0059372090860043,37.6344127871918,0.0
-0.0059372090860043,37.5927627871918,0.0
-0.0059372090860043,37.67606278719179,0.0
-0.0892372090860043,37.5094627871918,0.0
-0.0892372090860043,37.4261627871918,0.0
-0.0475872090860043,37.5094627871918,0.0
-0.0475872090860043,37.551112787191805,0.0
-0.0475872090860043,37.46781278719181,0.0
-0.0059372090860043,37.551112787191805,0.0
-0.0059372090860043,37.5094627871918,0.0
-0.0059372090860043,37.4261627871918,0.0
-0.0059372090860043,37.46781278719181,0.0
0.0357127909139956,37.5094627871918,0.0
-0.0059372090860043,37.3845127871918,0.0
0.0357127909139955,37.342862787191805,0.0
0.0357127909139955,37.3845127871918,0.0
0.0357127909139956,37.3012127871918,0.0
0.0773627909139956,37.3428627871918,0.0
0.0773627909139956,37.3845127871918,0.0
0.0773627909139956,37.301212787191794,0.0
0.1190127909139956,37.3845127871918,0.0
0.1190127909139956,37.3428627871918,0.0
0.1189356648410992,37.30130564627271,0.0
0.0357127909139955,37.5927627871918,0.0
0.0357127909139955,37.67606278719179,0.0
0.0357127909139956,37.634412787191806,0.0
0.0773627909139956,37.5511127871918,0.0
0.0773627909139956,37.5927627871918,0.0
0.0773627909139956,37.634412787191806,0.0
0.0773627909139956,37.6760627871918,0.0
0.1190127909139956,37.5927627871918,0.0
0.1190127909139956,37.6760627871918,0.0
0.1190127909139956,37.634412787191806,0.0
0.0357127909139955,37.46781278719181,0.0
0.0357127909139955,37.551112787191805,0.0
0.0357127909139956,37.4261627871918,0.0
0.0773627909139956,37.46781278719181,0.0
0.0773627909139956,37.509462787191794,0.0
0.0773627909139956,37.42616278719179,0.0
0.1190127909139956,37.46781278719181,0.0
0.1190127909139956,37.42616278719179,0.0
0.1190127909139956,37.509462787191794,0.0
0.1606627909139956,37.46781278719181,0.0
-0.1179193437793587,37.2680449970687,0.0
-0.0724770593788021,37.19070230495127,0.0
-0.0822886710274156,37.22152846946913,0.0
-0.0891591321358139,37.25963866135277,0.0
-0.0369181973345305,37.1446753654371,0.0
-0.0475872090860043,37.2179127871918,0.0
-0.0475872090860043,37.25956278719181,0.0
-0.0459445385146871,37.17762660844846,0.0
-0.0059372090860043,37.1762627871918,0.0
-0.0059372090860043,37.25956278719181,0.0
0.0038070697233036,37.1084590467806,0.0
-0.0053038769450724,37.13522618402972,0.0
0.0249207790025405,37.10400014153383,0.0
0.0288282887808319,37.13609320112722,0.0
-0.0059372090860043,37.2179127871918,0.0
0.0357127909139955,37.25956278719181,0.0
0.0351567583493373,37.17668092593259,0.0
0.0357127909139956,37.2179127871918,0.0
0.0585098180726587,37.19045634157383,0.0
0.0686407769776659,37.222816105290526,0.0
0.0773509403818371,37.25956740742994,0.0
0.1081014330098698,37.2676434276656,0.0
-0.1228712090308108,37.835850078722125,0.0
-0.0880719798461096,37.83898789417779,0.0
-0.049141577601634,37.838542977891024,0.0
0.00122290050179,37.88135827069203,0.0
0.0110449452829479,37.92113609995244,0.0
-0.0892372090860043,37.801012787191794,0.0
-0.0892372090860043,37.759362787191805,0.0
-0.0475872090860043,37.8010127871918,0.0
-0.0475872090860043,37.7177127871918,0.0
-0.0475872090860043,37.759362787191805,0.0
-0.0059372090860043,37.71771278719179,0.0
-0.0059372090860043,37.801012787191794,0.0
-0.0059372090860043,37.759362787191805,0.0
0.0357127909139956,37.7177127871918,0.0
0.0357127909139955,37.759362787191805,0.0
0.04254471994074,38.05283582827964,0.0
0.0422974053770634,37.949516411349975,0.0
0.0538239447752198,38.026044528690896,0.0
-0.004248464006658,37.84094547899264,0.0
0.0357127909139956,37.8426627871918,0.0
0.0357127909139955,37.8843127871918,0.0
0.0364779325354533,37.92506401363225,0.0
0.0773627909139956,37.8843127871918,0.0
0.0773627909139956,37.9259627871918,0.0
0.1190127909139956,37.9259627871918,0.0
0.1190127909139956,37.8426627871918,0.0
0.1190127909139956,37.8843127871918,0.0
0.0357127909139955,37.8010127871918,0.0
0.0773627909139956,37.7593627871918,0.0
0.0773627909139956,37.801012787191794,0.0
0.0773627909139956,37.8426627871918,0.0
0.0773627909139956,37.71771278719181,0.0
0.1190127909139956,37.7593627871918,0.0
0.1190127909139956,37.71771278719181,0.0
0.1190127909139956,37.801012787191794,0.0
0.1606627909139956,37.71771278719181,0.0
0.1606627909139956,37.801012787191794,0.0
0.0467082486376724,38.08515065204441,0.0
0.0812621999574368,37.96643948630547,0.0
0.0801548594859158,38.01068684449733,0.0
0.0773627909139956,38.050912787191805,0.0
0.0773656820749953,38.09255988892274,0.0
0.1190127909139956,38.050912787191805,0.0
0.1190127909139956,38.0092627871918,0.0
0.1190127909139956,38.0925627871918,0.0
0.1190127909139956,37.9676127871918,0.0
0.1606627909139956,38.050912787191805,0.0
0.1606627909139956,37.8843127871918,0.0
0.1606627909139956,37.9259627871918,0.0
0.1606627909139956,37.8426627871918,0.0
0.1606627909139956,37.9676127871918,0.0
0.2023127909139956,37.92596278719181,0.0
0.2023127909139957,37.8843127871918,0.0
0.2023127909139957,37.96761278719181,0.0
0.2439627909139957,37.9676127871918,0.0
0.2439627909139957,37.8843127871918,0.0
0.2439627909139957,37.9259627871918,0.0
0.1190127909139956,37.5511127871918,0.0
0.1606627909139956,37.5927627871918,0.0
0.1606627909139956,37.634412787191806,0.0
0.1606627909139956,37.6760627871918,0.0
0.1606627909139956,37.5511127871918,0.0
0.2023127909139956,37.634412787191806,0.0
0.2023127909139957,37.67606278719179,0.0
0.2023127909139957,37.5927627871918,0.0
0.2439627909139957,37.5927627871918,0.0
0.2439627909139957,37.634412787191806,0.0
0.1606627909139956,37.3428627871918,0.0
0.1567421598735666,37.30526155952329,0.0
0.1606627909139956,37.42616278719179,0.0
0.1606627909139956,37.3845127871918,0.0
0.1972620339372558,37.35278216004176,0.0
0.2023127909139957,37.3845127871918,0.0
0.1820977122087017,37.31952066871855,0.0
0.2435226538421577,37.38504707299132,0.0
0.2339808466236434,37.36102039954054,0.0
0.1606627909139956,37.509462787191794,0.0
0.2023127909139957,37.46781278719181,0.0
0.2023127909139957,37.551112787191805,0.0
0.2023127909139956,37.5094627871918,0.0
0.2023127909139956,37.4261627871918,0.0
0.2439627909139957,37.46781278719181,0.0
0.2439627909139957,37.509462787191794,0.0
0.2439627909139957,37.5511127871918,0.0
0.2856127909139956,37.509462787191794,0.0
0.2856127909139956,37.42616278719179,0.0
0.2439627909139957,37.42616278719179,0.0
0.2811996398288245,37.39496328749922,0.0
0.3275330775821203,37.398760916256414,0.0
0.3718852194608816,37.391419837172336,0.0
0.2439627909139957,37.6760627871918,0.0
0.2856127909139956,37.634412787191806,0.0
0.2856127909139957,37.6760627871918,0.0
0.2856127909139957,37.5511127871918,0.0
0.2856127909139957,37.5927627871918,0.0
0.3272627909139957,37.6760627871918,0.0
0.3272627909139957,37.5927627871918,0.0
0.3272627909139957,37.634412787191806,0.0
0.3689127909139956,37.6760627871918,0.0
0.3689127909139956,37.5927627871918,0.0
0.2856127909139957,37.46781278719181,0.0
0.3272627909139957,37.5511127871918,0.0
0.3272627909139957,37.46781278719181,0.0
0.3272627909139957,37.42616278719179,0.0
0.3272627909139957,37.509462787191794,0.0
0.3689127909139956,37.509462787191794,0.0
0.3689127909139956,37.46781278719181,0.0
0.3689127909139956,37.42616278719179,0.0
0.3689127909139956,37.5511127871918,0.0
0.4105627909139956,37.46781278719181,0.0
0.3689127909139956,37.634412787191806,0.0
0.4105627909139956,37.5927627871918,0.0
0.4105627909139955,37.634412787191806,0.0
0.4105627909139956,37.6760627871918,0.0
0.4522127909139956,37.5927627871918,0.0
0.4522127909139957,37.634412787191806,0.0
0.4938627909139957,37.634412787191806,0.0
0.4938627909139957,37.6760627871918,0.0
0.4938627909139957,37.5927627871918,0.0
0.4938627909139957,37.5511127871918,0.0
0.4105627909139955,37.42616278719179,0.0
0.4105627909139956,37.5511127871918,0.0
0.4105627909139955,37.509462787191794,0.0
0.4522127909139957,37.5094627871918,0.0
0.4522127909139956,37.551112787191805,0.0
0.4522127909139956,37.46781278719181,0.0
0.4522127909139957,37.4261627871918,0.0
0.4938627909139957,37.509462787191794,0.0
0.4938627909139957,37.42616278719179,0.0
0.4938627909139957,37.46781278719181,0.0
0.4105627909139955,37.71771278719181,0.0
0.4522127909139956,37.67606278719179,0.0
0.4522127909139956,37.759362787191805,0.0
0.4522127909139956,37.8010127871918,0.0
0.4522127909139957,37.7177127871918,0.0
0.4938627909139957,37.7593627871918,0.0
0.4938627909139957,37.801012787191794,0.0
0.4938627909139957,37.71771278719181,0.0
0.5355127909139958,37.7593627871918,0.0
0.5355127909139958,37.801012787191794,0.0
0.4110495145479056,37.385099044918285,0.0
0.4204008697365417,37.358188652763616,0.0
0.4522127909139956,37.3845127871918,0.0
0.4496356793749499,37.357000277516846,0.0
0.4936574090765329,37.38475932124957,0.0
0.4928466826592029,37.36076141294478,0.0
0.5355127909139958,37.3845127871918,0.0
0.1004775684920177,37.23685942484889,0.0
0.5513200936461321,37.05282307829727,0.0
0.5491919783157142,37.09401686191388,0.0
0.555194095418376,36.9777571879652,0.0
0.5805067742922421,36.88630463524542,0.0
0.5786515261553273,36.92674901297519,0.0
0.5772060739428483,36.9680507726398,0.0
0.6107223415792398,36.89406267479109,0.0
0.6185318249476746,36.92668003083245,0.0
0.5449053830528147,37.1769185550669,0.0
0.5404608752124122,37.2600852680974,0.0
0.5427375747575419,37.21847988089429,0.0
0.5771627909139958,37.25956278719181,0.0
0.5771627909139958,37.2179127871918,0.0
0.5771627909139958,37.1762627871918,0.0
0.5771627909139958,37.1346127871918,0.0
0.6188127909139957,37.1346127871918,0.0
0.6188127909139957,37.2179127871918,0.0
0.6188127909139957,37.25956278719181,0.0
0.1606627909139956,38.0092627871918,0.0
0.1606627909139956,38.0925627871918,0.0
0.2023127909139956,38.0092627871918,0.0
0.2023127909139957,38.0509127871918,0.0
0.2023127909139957,38.0925627871918,0.0
0.2439627909139957,38.0092627871918,0.0
0.2439627909139957,38.050912787191805,0.0
0.2439627909139957,38.0925627871918,0.0
0.2856127909139956,38.0092627871918,0.0
0.2856127909139957,38.0925627871918,0.0
0.1606627909139956,37.7593627871918,0.0
0.2023127909139957,37.759362787191805,0.0
0.2023127909139956,37.8426627871918,0.0
0.2023127909139957,37.8010127871918,0.0
0.2023127909139956,37.7177127871918,0.0
0.2439627909139957,37.801012787191794,0.0
0.2439627909139957,37.71771278719181,0.0
0.2439627909139957,37.8426627871918,0.0
0.2439627909139957,37.7593627871918,0.0
0.2856127909139957,37.801012787191794,0.0
0.2856127909139956,37.8426627871918,0.0
0.2856127909139956,37.9259627871918,0.0
0.2856127909139957,37.9676127871918,0.0
0.2856127909139957,37.8843127871918,0.0
0.3272627909139957,37.9259627871918,0.0
0.3272627909139957,37.8843127871918,0.0
0.3272627909139957,37.8426627871918,0.0
0.3689127909139956,37.8843127871918,0.0
0.3689127909139956,37.9259627871918,0.0
0.3689127909139956,37.8426627871918,0.0
0.2856127909139956,37.71771278719181,0.0
0.2856127909139957,37.7593627871918,0.0
0.3272627909139957,37.71771278719181,0.0
0.3272627909139957,37.801012787191794,0.0
0.3272627909139957,37.7593627871918,0.0
0.3689127909139956,37.7593627871918,0.0
0.3689127909139956,37.801012787191794,0.0
0.3689127909139956,37.71771278719181,0.0
0.4105627909139956,37.801012787191794,0.0
0.4105627909139956,37.7593627871918,0.0
0.2856127909139957,38.050912787191805,0.0
0.3272627909139957,37.9676127871918,0.0
0.3272627909139957,38.0925627871918,0.0
0.3272627909139957,38.050912787191805,0.0
0.3272627909139957,38.0092627871918,0.0
0.3689127909139956,38.050912787191805,0.0
0.3689127909139956,38.0092627871918,0.0
0.3689127909139956,38.0925627871918,0.0
0.4105627909139955,38.0092627871918,0.0
0.4105627909139956,38.0925627871918,0.0
0.3689127909139956,37.9676127871918,0.0
0.4105627909139956,37.9676127871918,0.0
0.4105627909139956,37.8843127871918,0.0
0.4105627909139955,37.8426627871918,0.0
0.4105627909139955,37.9259627871918,0.0
0.4522127909139957,37.8426627871918,0.0
0.4522127909139957,37.92596278719181,0.0
0.4522127909139956,37.8843127871918,0.0
0.4938627909139957,37.9676127871918,0.0
0.4938627909139957,37.8426627871918,0.0
0.4105627909139955,38.1342127871918,0.0
0.4105627909139955,38.2175127871918,0.0
0.4105627909139956,38.1758627871918,0.0
0.4522127909139956,38.1758627871918,0.0
0.4522127909139957,38.217512787191794,0.0
0.4522127909139957,38.1342127871918,0.0
0.4938627909139957,38.1342127871918,0.0
0.4938627909139957,38.2175127871918,0.0
0.4938627909139957,38.1758627871918,0.0
0.5355127909139958,38.1758627871918,0.0
0.4105627909139956,38.050912787191805,0.0
0.4522127909139956,38.0509127871918,0.0
0.4522127909139957,38.0092627871918,0.0
0.4522127909139956,38.0925627871918,0.0
0.4522127909139956,37.96761278719181,0.0
0.4938627909139957,38.050912787191805,0.0
0.4938627909139957,38.0925627871918,0.0
0.4938627909139957,38.0092627871918,0.0
0.5355127909139958,38.050912787191805,0.0
0.5355127909139958,38.0925627871918,0.0
0.4938627909139957,37.8843127871918,0.0
0.4938627909139957,37.9259627871918,0.0
0.5355127909139957,37.9259627871918,0.0
0.5355127909139958,37.9676127871918,0.0
0.5355127909139958,37.8843127871918,0.0
0.5355127909139957,37.8426627871918,0.0
0.5771627909139958,37.9259627871918,0.0
0.5771627909139958,37.8426627871918,0.0
0.5771627909139958,37.8843127871918,0.0
0.6188127909139957,37.8426627871918,0.0
0.5355127909139957,37.71771278719181,0.0
0.5771627909139958,37.801012787191794,0.0
0.5771627909139958,37.7593627871918,0.0
0.5771627909139958,37.71771278719181,0.0
0.6188127909139957,37.71771278719181,0.0
0.6188127909139957,37.7593627871918,0.0
0.6188127909139957,37.801012787191794,0.0
0.6569606185920102,37.759949328854745,0.0
0.6573097641115829,37.80136211202002,0.0
0.6511922225276484,37.71659158396558,0.0
0.5355127909139958,37.5927627871918,0.0
0.5355127909139957,37.634412787191806,0.0
0.5355127909139958,37.5511127871918,0.0
0.5355127909139958,37.6760627871918,0.0
0.5770908135697519,37.634444033354,0.0
0.5725259668797459,37.59556893818694,0.0
0.5771627909139958,37.6760627871918,0.0
0.6121536533595706,37.64622524605125,0.0
0.6177943529171878,37.67689327085154,0.0
0.5355127909139957,37.509462787191794,0.0
0.5355127909139958,37.46781278719181,0.0
0.5355127909139957,37.42616278719179,0.0
0.5655353055568364,37.50620687134698,0.0
0.5645616910486134,37.551443576683205,0.0
0.5721168788370488,37.46872488428121,0.0
0.568549573863044,37.4265380343312,0.0
0.535819770916591,37.34307559578463,0.0
0.5379897615450439,37.30168654831022,0.0
0.5695153368288379,37.382763387422735,0.0
0.5771627909139958,37.301212787191794,0.0
0.5771624376231334,37.34286230501617,0.0
0.6188127909139957,37.301212787191794,0.0
0.617325893366817,37.33695706121495,0.0
0.5983399963462663,37.36382540090593,0.0
0.6603355227631591,37.301081005946536,0.0
0.6494078067406485,37.68976995712439,0.0
0.650284120733527,37.32912012583,0.0
0.6998325993074936,37.29438585494805,0.0
0.7405026263885668,37.2574166815709,0.0
0.729534354681904,37.28693038983184,0.0
0.5470510795088719,37.13542131581524,0.0
0.553409524644037,37.012336520694376,0.0
0.5771627909139958,37.0096627871918,0.0
0.5771627909139958,37.05131278719181,0.0
0.5771627909139958,37.092962787191794,0.0
0.6188127909139957,37.0096627871918,0.0
0.6188127909139957,37.092962787191794,0.0
0.6188127909139957,37.05131278719181,0.0
0.6604627909139957,37.092962787191794,0.0
0.6604627909139957,37.13461278719179,0.0
0.6188127909139957,36.9680127871918,0.0
0.6577157545185683,36.93159943048176,0.0
0.6604627909139957,36.9680127871918,0.0
0.7019889360810855,36.936623042094986,0.0
0.7021127909139958,36.9680127871918,0.0
0.7383650149129041,37.01114204221873,0.0
0.7356092089418916,36.93818878099356,0.0
0.6188127909139957,37.1762627871918,0.0
0.6604627909139957,37.2179127871918,0.0
0.6604627909139957,37.1762627871918,0.0
0.6604627909139957,37.25956278719181,0.0
0.7021127909139958,37.25956278719181,0.0
0.7021127909139958,37.1762627871918,0.0
0.7021127909139958,37.2179127871918,0.0
0.7343346481158297,37.21921656888592,0.0
0.7344913048160852,37.17526511780233,0.0
0.6604627909139957,37.00966278719179,0.0
0.6604627909139957,37.05131278719181,0.0
0.7021127909139958,37.092962787191794,0.0
0.7021127909139958,37.0096627871918,0.0
0.7021127909139958,37.1346127871918,0.0
0.7021127909139958,37.05131278719181,0.0
0.7424848892812501,37.13375389741954,0.0
0.7437627909139958,37.092962787191794,0.0
0.7434706278426017,37.05156361104993,0.0
0.7676196389469672,37.05862593168686,0.0
0.7337783835009346,36.968450491066655,0.0
0.7740448848838575,37.09388763861361,0.0
0.7723323738021192,37.12013035011413,0.0
0.5355127909139957,38.0092627871918,0.0
0.5771627909139958,38.0092627871918,0.0
0.5771627909139958,38.050912787191805,0.0
0.5771627909139958,37.9676127871918,0.0
0.5771627909139958,38.0925627871918,0.0
0.6188127909139957,38.050912787191805,0.0
0.6188127909139957,38.0092627871918,0.0
0.6188127909139957,38.0925627871918,0.0
0.6604627909139957,38.0092627871918,0.0
0.6604627909139957,38.0509127871918,0.0
0.6188127909139957,37.9259627871918,0.0
0.6188127909139957,37.8843127871918,0.0
0.6188127909139957,37.9676127871918,0.0
0.6602416545456432,37.8428342447657,0.0
0.6604627909139957,37.96761278719181,0.0
0.6604627909139957,37.92596278719181,0.0
0.6604627909139957,37.8843127871918,0.0
0.6980218149139774,37.85358061127863,0.0
0.7020381728838778,37.88423878021259,0.0
0.7006980907384521,37.92680936606552,0.0
0.6604627909139957,38.0925627871918,0.0
0.7021127909139958,38.0092627871918,0.0
0.7021127909139958,38.0925627871918,0.0
0.7021127909139958,38.050912787191805,0.0
0.7021127909139958,37.9676127871918,0.0
0.7437627909139958,38.0925627871918,1.0
0.7437627909139958,38.050912787191805,0.0
0.7437627909139957,38.0092627871918,0.0
0.7791894482381836,38.01209698410781,0.0
0.7803964040366235,38.05205008350956,1.0
0.7230364929805163,37.86338905120679,0.0
0.7302229095877374,37.940942762353735,0.0
0.7400287887061592,37.97029857131508,0.0
0.7303841442192955,37.88323511847545,0.0
0.7689824257860569,37.98413738082418,0.0
0.7854561584536146,38.09291333592382,1.0
0.8270627909139957,38.0925627871918,1.0
0.82739963279138,38.05895727335886,1.0
0.8687127909139958,38.0925627871918,1.0
0.8690198344382958,38.05771879314376,1.0
0.9106448797535972,38.056480168797016,1.0
0.910362790913996,38.0925627871918,1.0
0.9520127909139958,38.0925627871918,1.0
0.9522736765125592,38.055241432819656,1.0
0.9936627909139958,38.0925627871918,1.0
0.993905437921502,38.05400260862408,1.0
1.035312790913996,38.0925627871918,1.0
0.910362790913996,38.6756627871918,1.0
0.910362790913996,38.758962787191805,1.0
0.9520127909139958,38.758962787191805,1.0
0.9520127909139958,38.8006127871918,1.0
0.952012790913996,38.7173127871918,1.0
0.9936627909139958,38.758962787191805,1.0
0.9936627909139958,38.8006127871918,1.0
0.9936627909139956,38.7173127871918,1.0
0.9936627909139958,38.6756627871918,1.0
1.035312790913996,38.6756627871918,1.0
0.952012790913996,39.0505127871918,1.0
0.9520127909139958,39.0921627871918,1.0
0.9520127909139958,38.967212787191805,1.0
0.9520127909139958,39.0088627871918,1.0
0.9936627909139958,39.0088627871918,1.0
0.9936627909139956,39.0505127871918,1.0
0.9936627909139958,38.967212787191805,1.0
1.0353127909139956,39.0505127871918,1.0
1.0353127909139956,38.925562787191794,1.0
1.035312790913996,38.967212787191805,1.0
1.035312790913996,38.758962787191805,1.0
1.035312790913996,38.8006127871918,1.0
1.0353127909139956,38.7173127871918,1.0
1.0769627909139958,38.8006127871918,1.0
1.0769627909139958,38.758962787191805,1.0
1.0769627909139958,38.7173127871918,1.0
1.1186127909139958,38.80061278719179,1.0
1.1186127909139958,38.7173127871918,1.0
1.1186127909139958,38.67566278719181,1.0
1.1186127909139958,38.7589627871918,1.0
0.9936627909139956,38.8422627871918,1.0
0.9936627909139958,38.8839127871918,1.0
0.9936627909139956,38.925562787191794,1.0
1.035312790913996,38.8839127871918,1.0
1.0353127909139956,38.8422627871918,1.0
1.0769627909139958,38.88391278719181,1.0
1.0769627909139958,38.8422627871918,1.0
1.1186127909139958,38.88391278719181,1.0
1.1186127909139958,38.8422627871918,1.0
1.1602627909139958,38.925562787191794,1.0
1.035312790913996,39.0088627871918,1.0
1.0769627909139958,39.0505127871918,1.0
1.0769627909139958,38.967212787191805,1.0
1.0769627909139958,38.925562787191794,1.0
1.0769627909139958,39.0088627871918,1.0
1.1186127909139958,39.0505127871918,1.0
1.1186127909139958,39.0088627871918,1.0
1.1186127909139958,38.9255627871918,1.0
1.1186127909139958,38.9672127871918,1.0
1.1602627909139958,39.0088627871918,1.0
1.0353127909139956,38.5507127871918,1.0
1.035312790913996,38.5923627871918,1.0
1.0769627909139958,38.6756627871918,1.0
1.0769627909139958,38.6340127871918,1.0
1.0769627909139958,38.550712787191806,1.0
1.0769627909139958,38.5923627871918,1.0
1.1186127909139958,38.5507127871918,1.0
1.1186127909139958,38.6340127871918,1.0
1.1186127909139958,38.5923627871918,1.0
1.1602627909139958,38.6756627871918,1.0
1.1602627909139958,39.0505127871918,1.0
1.1602627909139958,38.967212787191805,1.0
1.2019127909139955,39.0505127871918,1.0
1.2019127909139955,38.967212787191805,1.0
1.2019127909139955,39.0921627871918,1.0
1.2019127909139955,39.0088627871918,1.0
1.2435627909139957,39.0088627871918,1.0
1.243562790913996,39.0505127871918,1.0
1.2435627909139957,38.967212787191805,1.0
1.243562790913996,38.925562787191794,1.0
1.1602627909139958,38.7173127871918,1.0
1.1602627909139958,38.758962787191805,1.0
1.1602627909139958,38.8006127871918,1.0
1.2019127909139955,38.6756627871918,1.0
1.2019127909139955,38.7173127871918,1.0
1.2019127909139955,38.8006127871918,1.0
1.2019127909139955,38.758962787191805,1.0
1.243562790913996,38.7173127871918,1.0
1.2435627909139957,38.758962787191805,1.0
1.2435627909139957,38.8006127871918,1.0
1.1602627909139958,38.88391278719181,1.0
1.1602627909139958,38.8422627871918,1.0
1.2019127909139955,38.8839127871918,1.0
1.2019127909139955,38.8422627871918,1.0
1.2019127909139955,38.925562787191794,1.0
1.243562790913996,38.8422627871918,1.0
1.2435627909139957,38.8839127871918,1.0
1.285212790913996,38.8006127871918,1.0
1.285212790913996,38.88391278719181,1.0
1.285212790913996,38.8422627871918,1.0
1.243562790913996,38.5507127871918,1.0
1.285212790913996,38.6756627871918,1.0
1.285212790913996,38.6340127871918,1.0
1.285212790913996,38.5923627871918,1.0
1.285212790913996,38.550712787191806,1.0
1.326862790913996,38.5923627871918,1.0
1.3268627909139958,38.5507127871918,1.0
1.3268627909139958,38.6340127871918,1.0
1.368512790913996,38.6340127871918,1.0
1.368512790913996,38.550712787191806,1.0
0.9724582178058692,39.405510986359424,1.0
0.9567834559383644,39.33893177901177,1.0
0.9670854598160392,39.37729334327605,1.0
0.9936627909139956,39.34206278719181,1.0
1.0007855375682626,39.45248427107142,2.0
0.9936627909139958,39.3837127871918,1.0
0.9968256440437588,39.42384962842031,1.0
1.0210104335904011,39.44900308707288,1.0
1.035312790913996,39.175462787191805,1.0
1.0353127909139956,39.1338127871918,1.0
1.035312790913996,39.0921627871918,1.0
1.035312790913996,39.2171127871918,1.0
1.0769627909139958,39.0921627871918,1.0
1.0769627909139958,39.1338127871918,1.0
1.0769627909139958,39.1754627871918,1.0
1.0769627909139958,39.2171127871918,1.0
1.1186127909139958,39.2171127871918,1.0
1.1186127909139958,39.175462787191805,1.0
1.035312790913996,39.3837127871918,1.0
1.0344432637459708,39.42422307778376,1.0
1.0769627909139958,39.3837127871918,1.0
1.0742652665482646,39.41668517443523,1.0
1.1186127909139958,39.3420627871918,1.0
1.1184356133046396,39.38351891312805,1.0
1.1087094424524424,39.40925178515287,1.0
1.0769627909139958,39.3420627871918,1.0
1.0769627909139958,39.258762787191806,1.0
1.0769627909139958,39.3004127871918,1.0
1.1186127909139958,39.3004127871918,1.0
1.1186127909139958,39.2587627871918,1.0
1.1602627909139958,39.258762787191806,1.0
1.1602627909139958,39.3004127871918,1.0
1.2019127909139955,39.2171127871918,1.0
1.2019127909139955,39.34206278719181,1.0
1.2019127909139955,39.2587627871918,1.0
1.1186127909139958,39.0921627871918,1.0
1.1186127909139958,39.1338127871918,1.0
1.1602627909139958,39.0921627871918,1.0
1.1602627909139958,39.1754627871918,1.0
1.1602627909139958,39.2171127871918,1.0
1.1602627909139958,39.1338127871918,1.0
1.2019127909139955,39.175462787191805,1.0
1.2019127909139955,39.1338127871918,1.0
1.2435627909139957,39.0921627871918,1.0
1.2435627909139957,39.175462787191805,1.0
1.1602627909139958,39.3420627871918,1.0
1.1583507471526728,39.378000807882366,1.0
1.1977252100762898,39.37037208197969,1.0
1.227303182374356,39.364653213918565,1.0
1.2019127909139955,39.3004127871918,1.0
1.2435627909139957,39.2171127871918,1.0
1.2435627909139957,39.3004127871918,1.0
1.243562790913996,39.2587627871918,1.0
1.242464966252219,39.34041975328457,1.0
1.285212790913996,39.258762787191806,1.0
1.2827716930349584,39.333109187282346,1.0
1.285212790913996,39.3004127871918,1.0
1.3189634690080088,39.32617522976904,1.0
1.326844719826872,39.30039417777148,1.0
1.243562790913996,39.1338127871918,1.0
1.285212790913996,39.0921627871918,1.0
1.285212790913996,39.2171127871918,1.0
1.285212790913996,39.1338127871918,1.0
1.285212790913996,39.1754627871918,1.0
1.326862790913996,39.175462787191805,1.0
1.326862790913996,39.2171127871918,1.0
1.326862790913996,39.0921627871918,1.0
1.3268627909139958,39.1338127871918,1.0
1.368512790913996,39.2171127871918,1.0
1.3268627909139958,39.2587627871918,1.0
1.3668188012156648,39.296210169453765,1.0
1.368512790913996,39.258762787191806,1.0
1.406853801988089,39.28856374208817,1.0
1.410162790913996,39.2587627871918,1.0
1.4423326453355487,39.28249105586448,1.0
1.4515150170238489,39.2582885090504,1.0
1.285212790913996,39.0505127871918,1.0
1.285212790913996,38.925562787191794,1.0
1.285212790913996,38.967212787191805,1.0
1.285212790913996,39.0088627871918,1.0
1.326862790913996,39.0088627871918,1.0
1.3268627909139958,39.0505127871918,1.0
1.326862790913996,38.9672127871918,1.0
1.3268627909139958,38.9255627871918,1.0
1.368512790913996,39.0088627871918,1.0
1.368512790913996,38.967212787191805,1.0
1.285212790913996,38.7173127871918,1.0
1.285212790913996,38.758962787191805,1.0
1.326862790913996,38.7589627871918,1.0
1.3268627909139958,38.7173127871918,1.0
1.326862790913996,38.67566278719181,1.0
1.368512790913996,38.6756627871918,1.0
1.368512790913996,38.7173127871918,1.0
1.368512790913996,38.758962787191805,1.0
1.368512790913996,38.8006127871918,1.0
1.4101627909139958,38.758962787191805,1.0
1.3268627909139958,38.8422627871918,1.0
1.326862790913996,38.80061278719179,1.0
1.326862790913996,38.88391278719181,1.0
1.368512790913996,38.88391278719181,1.0
1.368512790913996,38.8422627871918,1.0
1.368512790913996,38.925562787191794,1.0
1.4101627909139958,38.8839127871918,1.0
1.410162790913996,38.925562787191794,1.0
1.410162790913996,38.8422627871918,1.0
1.4518127909139962,38.925562787191794,1.0
1.368512790913996,39.0505127871918,1.0
1.4101627909139958,39.0088627871918,1.0
1.410162790913996,39.0505127871918,1.0
1.4101627909139958,38.967212787191805,1.0
1.451812790913996,39.0088627871918,1.0
1.451812790913996,38.967212787191805,1.0
1.4518127909139962,39.0505127871918,1.0
1.4934627909139957,39.0505127871918,1.0
1.493462790913996,39.0088627871918,1.0
1.493462790913996,38.967212787191805,1.0
1.368512790913996,38.5923627871918,1.0
1.4101627909139958,38.5923627871918,1.0
1.410162790913996,38.6340127871918,1.0
1.410162790913996,38.5507127871918,1.0
1.4518127909139962,38.5507127871918,1.0
1.4518127909139962,38.6340127871918,1.0
1.451812790913996,38.5923627871918,1.0
1.493462790913996,38.5923627871918,1.0
1.4934627909139957,38.550712787191806,1.0
1.4934627909139957,38.6340127871918,1.0
1.4101627909139958,38.6756627871918,1.0
1.4101627909139958,38.8006127871918,1.0
1.410162790913996,38.7173127871918,1.0
1.451812790913996,38.758962787191805,1.0
1.451812790913996,38.8006127871918,1.0
1.4518127909139962,38.7173127871918,1.0
1.451812790913996,38.6756627871918,1.0
1.4934627909139957,38.7173127871918,1.0
1.493462790913996,38.8006127871918,1.0
1.493462790913996,38.6756627871918,1.0
1.4518127909139962,38.8422627871918,1.0
1.451812790913996,38.8839127871918,1.0
1.4934627909139957,38.925562787191794,1.0
1.493462790913996,38.88391278719181,1.0
1.4934627909139957,38.8422627871918,1.0
1.535112790913996,38.9255627871918,1.0
1.535112790913996,38.8422627871918,1.0
1.535112790913996,38.88391278719181,1.0
1.576762790913996,38.925562787191794,1.0
1.5767627909139956,38.8006127871918,1.0
1.493462790913996,38.758962787191805,1.0
1.535112790913996,38.80061278719179,1.0
1.535112790913996,38.7589627871918,1.0
1.535112790913996,38.7173127871918,1.0
1.535112790913996,38.67566278719181,1.0
1.576762790913996,38.7173127871918,1.0
1.5767627909139956,38.6756627871918,1.0
1.5767627909139956,38.758962787191805,1.0
1.618412790913996,38.6756627871918,1.0
1.618412790913996,38.758962787191805,1.0
1.535112790913996,38.9672127871918,1.0
1.535112790913996,39.0505127871918,1.0
1.535112790913996,39.0088627871918,1.0
1.576762790913996,39.0505127871918,1.0
1.5767627909139956,38.967212787191805,1.0
1.5767627909139956,39.0088627871918,1.0
1.618412790913996,38.967212787191805,1.0
1.618412790913996,39.0088627871918,1.0
1.6184127909139958,39.0505127871918,1.0
1.6600627909139962,39.0505127871918,1.0
1.5767627909139956,38.88391278719181,1.0
1.576762790913996,38.8422627871918,1.0
1.618412790913996,38.8006127871918,1.0
1.618412790913996,38.8839127871918,1.0
1.6184127909139958,38.8422627871918,1.0
1.6184127909139958,38.925562787191794,1.0
1.6600627909139962,38.8006127871918,1.0
1.6600627909139962,38.8422627871918,1.0
1.6600627909139962,38.8839127871918,1.0
1.7017127909139955,38.925562787191794,1.0
1.285212790913996,38.3008127871918,1.0
1.285212790913996,38.34246278719179,1.0
1.285212790913996,38.2591627871918,1.0
1.285212790913996,38.3841127871918,1.0
1.3268627909139958,38.3424627871918,1.0
1.326862790913996,38.3841127871918,1.0
1.326862790913996,38.3008127871918,1.0
1.368512790913996,38.34246278719179,1.0
1.368512790913996,38.3008127871918,1.0
1.368512790913996,38.2591627871918,1.0
1.285212790913996,38.46741278719181,1.0
1.3268627909139958,38.4257627871918,1.0
1.326862790913996,38.467412787191805,1.0
1.326862790913996,38.5090627871918,1.0
1.368512790913996,38.46741278719181,1.0
1.368512790913996,38.3841127871918,1.0
1.368512790913996,38.4257627871918,1.0
1.368512790913996,38.5090627871918,1.0
1.4101627909139958,38.4674127871918,1.0
1.4101627909139958,38.5090627871918,1.0
1.4101627909139958,38.3841127871918,1.0
1.4101627909139958,38.3008127871918,1.0
1.410162790913996,38.3424627871918,1.0
1.4101627909139958,38.25916278719179,1.0
1.451812790913996,38.25916278719179,1.0
1.451812790913996,38.3008127871918,1.0
1.4518127909139962,38.3424627871918,1.0
1.491559977232909,38.26087488278315,0.0
1.4934627909139957,38.34246278719179,1.0
1.493462790913996,38.3008127871918,1.0
1.410162790913996,38.4257627871918,1.0
1.451812790913996,38.5090627871918,1.0
1.451812790913996,38.4674127871918,1.0
1.451812790913996,38.3841127871918,1.0
1.4518127909139962,38.4257627871918,1.0
1.493462790913996,38.46741278719181,1.0
1.493462790913996,38.3841127871918,1.0
1.4934627909139957,38.4257627871918,1.0
1.535112790913996,38.5090627871918,1.0
1.535112790913996,38.467412787191805,1.0
1.493462790913996,38.5090627871918,1.0
1.535112790913996,38.5507127871918,1.0
1.535112790913996,38.5923627871918,1.0
1.535112790913996,38.6340127871918,1.0
1.5767627909139956,38.5923627871918,1.0
1.576762790913996,38.6340127871918,1.0
1.576762790913996,38.550712787191806,1.0
1.618412790913996,38.5923627871918,1.0
1.618412790913996,38.5090627871918,1.0
1.6184127909139958,38.5507127871918,1.0
1.519465173087274,38.27349628214353,0.0
1.531147762780085,38.30405484626012,0.0
1.535112790913996,38.3424627871918,1.0
1.535112790913996,38.3841127871918,1.0
1.5583046683154542,38.31867014909093,0.0
1.5733711804292778,38.347719553300735,0.0
1.6159563049494956,38.3560354467126,0.0
1.535112790913996,38.4257627871918,1.0
1.5767627909139956,38.46741278719181,1.0
1.5767627909139956,38.3841127871918,1.0
1.5767627909139956,38.5090627871918,1.0
1.576762790913996,38.4257627871918,1.0
1.618412790913996,38.3841127871918,0.0
1.618412790913996,38.4674127871918,1.0
1.6184127909139958,38.4257627871918,1.0
1.6600627909139962,38.4257627871918,0.0
1.6600627909139962,38.5090627871918,1.0
1.6600627909139962,38.4674127871918,1.0
1.7017127909139955,38.5090627871918,1.0
1.7017127909139955,38.4257627871918,0.0
1.7017127909139955,38.4674127871918,0.0
1.7007591298796474,38.386892586836126,0.0
1.741924479994505,38.39181612318622,0.0
1.743362790913996,38.5090627871918,0.0
1.743362790913996,38.4674127871918,0.0
1.7433627909139957,38.4257627871918,0.0
1.7844496620662815,38.46791806906297,0.0
1.6600451808318375,38.384131225754125,0.0
1.6519122493982583,38.36028902049721,0.0
1.368512790913996,39.0921627871918,1.0
1.368512790913996,39.1338127871918,1.0
1.368512790913996,39.1754627871918,1.0
1.4101627909139958,39.2171127871918,1.0
1.4101627909139958,39.175462787191805,1.0
1.4101627909139958,39.0921627871918,1.0
1.410162790913996,39.1338127871918,1.0
1.4518127909139962,39.1338127871918,1.0
1.451812790913996,39.0921627871918,1.0
1.451812790913996,39.2171127871918,1.0
1.5137844819555268,39.4060247832045,1.0
1.5090409423146756,39.37799577870015,1.0
1.534866392406727,39.3834727149057,1.0
1.5272098541072967,39.44651400565369,1.0
1.5318185808819893,39.4182393934736,1.0
1.451812790913996,39.175462787191805,1.0
1.493462790913996,39.0921627871918,1.0
1.493462790913996,39.1754627871918,1.0
1.4934627909139957,39.1338127871918,1.0
1.535112790913996,39.1338127871918,1.0
1.535112790913996,39.175462787191805,1.0
1.535112790913996,39.0921627871918,1.0
1.576762790913996,39.1338127871918,1.0
1.5767627909139956,39.0921627871918,1.0
1.5767627909139956,39.1754627871918,1.0
1.4955674568845034,39.299199580950365,1.0
1.4934627909139957,39.258762787191806,1.0
1.493462790913996,39.2171127871918,1.0
1.5025335362608954,39.33980989303415,1.0
1.535112790913996,39.2587627871918,1.0
1.535112790913996,39.3004127871918,1.0
1.535112790913996,39.2171127871918,1.0
1.535112790913996,39.3420627871918,1.0
1.576762790913996,39.3420627871918,1.0
1.5767627909139956,39.2171127871918,1.0
1.576762790913996,39.258762787191806,1.0
1.5767627909139956,39.3004127871918,1.0
1.618412790913996,39.3004127871918,1.0
1.6184127909139958,39.2587627871918,1.0
1.612900765540481,39.337318684176765,1.0
1.618412790913996,39.2171127871918,1.0
1.6585875554892415,39.25773167796359,1.0
1.6600627909139962,39.2171127871918,1.0
1.6406732534564397,39.321809728240005,1.0
1.6494585241418886,39.29452457788749,1.0
1.5704913655625696,39.37501430911713,1.0
1.5989118284256791,39.3642710291021,1.0
1.618412790913996,39.0921627871918,1.0
1.618412790913996,39.175462787191805,1.0
1.6184127909139958,39.1338127871918,1.0
1.6600627909139962,39.0921627871918,1.0
1.6600627909139962,39.175462787191805,1.0
1.6600627909139962,39.1338127871918,1.0
1.7017127909139955,39.1338127871918,1.0
1.7017127909139955,39.175462787191805,1.0
1.743362790913996,39.0921627871918,1.0
1.7411061303163555,39.17126918012349,1.0
1.684059766000762,39.24507175508719,1.0
1.6934747812156237,39.211677517984725,1.0
1.7246068802965766,39.197257693085504,1.0
1.6184127909139958,38.6340127871918,1.0
1.6600627909139962,38.6340127871918,1.0
1.6600627909139962,38.5923627871918,1.0
1.6600627909139962,38.5507127871918,1.0
1.7017127909139955,38.5507127871918,1.0
1.7017127909139955,38.5923627871918,1.0
1.7017127909139955,38.6340127871918,1.0
1.743362790913996,38.5923627871918,1.0
1.7433627909139957,38.6340127871918,1.0
1.7433627909139957,38.5507127871918,1.0
1.6184127909139958,38.7173127871918,1.0
1.6600627909139962,38.7173127871918,1.0
1.6600627909139962,38.758962787191805,1.0
1.6600627909139962,38.6756627871918,1.0
1.7017127909139955,38.6756627871918,1.0
1.7017127909139955,38.758962787191805,1.0
1.7017127909139955,38.7173127871918,1.0
1.743362790913996,38.6756627871918,1.0
1.743362790913996,38.8006127871918,1.0
1.7433627909139957,38.7173127871918,1.0
1.6600627909139962,38.967212787191805,1.0
1.6600627909139962,38.925562787191794,1.0
1.6600627909139962,39.0088627871918,1.0
1.7017127909139955,38.967212787191805,1.0
1.7017127909139955,39.0505127871918,1.0
1.7017127909139955,39.0088627871918,1.0
1.7017127909139955,39.0921627871918,1.0
1.7433627909139957,39.0505127871918,1.0
1.743362790913996,39.0088627871918,1.0
1.743362790913996,38.967212787191805,1.0
1.7017127909139955,38.8006127871918,1.0
1.7017127909139955,38.8422627871918,1.0
1.7017127909139955,38.8839127871918,1.0
1.743362790913996,38.8839127871918,1.0
1.7433627909139957,38.925562787191794,1.0
1.7433627909139957,38.8422627871918,1.0
1.785012790913996,38.925562787191794,1.0
1.785012790913996,38.88391278719181,1.0
1.785012790913996,38.8422627871918,1.0
1.785012790913996,38.8006127871918,1.0
1.743362790913996,38.758962787191805,1.0
1.785012790913996,38.758962787191805,1.0
1.785012790913996,38.6756627871918,1.0
1.785012790913996,38.7173127871918,1.0
1.826662790913996,38.6756627871918,1.0
1.826662790913996,38.7173127871918,1.0
1.826662790913996,38.758962787191805,1.0
1.868312790913996,38.758962787191805,1.0
1.868312790913996,38.7173127871918,1.0
1.909962790913996,38.758962787191805,1.0
1.826662790913996,38.8006127871918,1.0
1.826662790913996,38.8422627871918,1.0
1.826662790913996,38.925562787191794,1.0
1.826662790913996,38.8839127871918,1.0
1.868312790913996,38.8422627871918,1.0
1.868312790913996,38.8006127871918,1.0
1.868312790913996,38.925562787191794,1.0
1.868312790913996,38.8839127871918,1.0
1.909962790913996,38.8006127871918,1.0
1.909962790913996,38.8839127871918,1.0
1.909962790913996,38.7173127871918,1.0
1.9086852486466863,38.676722570742776,0.0
1.951612790913996,38.8006127871918,1.0
1.9348722880938487,38.68944680833639,0.0
1.9439544366002253,38.72075896881994,0.0
1.951349381378371,38.75920875848672,1.0
1.9787464980471623,38.768912648448,1.0
1.988689959921445,38.80329347142965,1.0
1.909962790913996,38.8422627871918,1.0
1.909962790913996,38.925562787191794,1.0
1.9516127909139955,38.8422627871918,1.0
1.951612790913996,38.8839127871918,1.0
1.9516127909139955,38.925562787191794,1.0
1.993262790913996,38.88391278719181,1.0
1.993262790913996,38.925562787191794,1.0
1.993262790913996,38.8422627871918,1.0
2.0326410397713133,38.88561599189972,1.0
2.0349127909139963,38.9255627871918,1.0
2.0226461827855147,38.848466316958,1.0
2.014566936357152,38.82061182189292,1.0
2.067037850232349,38.92971617459245,1.0
2.0584411463104653,38.90007766200452,1.0
1.7433627909139957,39.1338127871918,1.0
1.781265925873239,39.163660729801485,1.0
1.785012790913996,39.1338127871918,1.0
1.785012790913996,39.0921627871918,1.0
1.8252762427351628,39.13104981260155,1.0
1.80809128229711,39.15714412970958,1.0
1.8676031946909288,39.09142978510569,1.0
1.859333620077228,39.12326579370678,1.0
1.785012790913996,39.0505127871918,1.0
1.785012790913996,39.0088627871918,1.0
1.785012790913996,38.967212787191805,1.0
1.826662790913996,39.0921627871918,1.0
1.826662790913996,39.0505127871918,1.0
1.826662790913996,38.967212787191805,1.0
1.826662790913996,39.0088627871918,1.0
1.868312790913996,39.0088627871918,1.0
1.868312790913996,39.0505127871918,1.0
1.868312790913996,38.967212787191805,1.0
1.896760090045846,39.07973018470264,1.0
1.9090545059035284,39.04938587627847,1.0
1.909962790913996,38.967212787191805,1.0
1.909962790913996,39.0088627871918,1.0
1.9515959939099263,39.008845867280456,1.0
1.9450006835242368,39.03872987168703,1.0
1.951612790913996,38.967212787191805,1.0
1.9875471601331425,39.00063849933216,1.0
1.993262790913996,38.967212787191805,1.0
2.034716519448292,38.96700604601518,1.0
2.030612981555294,38.9898663072748,1.0
2.072585270360943,38.96365729853888,1.0
1.785012790913996,38.550712787191806,0.0
1.785012790913996,38.5090627871918,0.0
1.785012790913996,38.6340127871918,1.0
1.785012790913996,38.5923627871918,1.0
1.826662790913996,38.5923627871918,0.0
1.82665066593278,38.55072475607464,0.0
1.826662790913996,38.6340127871918,1.0
1.8652833603176668,38.59446401400663,0.0
1.868312790913996,38.6756627871918,1.0
1.8551776398305464,38.55828179477986,0.0
1.776205776853092,38.429608699170906,0.0
1.767429219923919,38.399350114556654,0.0
1.8113034298772328,38.47881595466825,0.0
1.8209307138343696,38.51200755686183,0.0
1.868312790913996,38.6340127871918,0.0
1.899345765771796,38.6387609572982,0.0
1.890998078140536,38.60998096822479,0.0
1.0353127909139956,38.1342127871918,1.0
1.0353127909139956,38.2175127871918,1.0
1.035312790913996,38.1758627871918,1.0
1.0769627909139958,38.217512787191794,1.0
1.0769627909139958,38.1758627871918,1.0
1.0769627909139958,38.1342127871918,1.0
1.1186127909139958,38.2175127871918,1.0
1.1186127909139958,38.1758627871918,1.0
1.1186127909139958,38.13421278719181,1.0
1.1602627909139958,38.1758627871918,1.0
1.0355395828300933,38.0527637135034,1.0
1.0769627909139958,38.0925627871918,1.0
1.077207916952523,38.05147007888416,1.0
1.093901946011718,38.02715692579104,1.0
1.1230631889398286,38.01615963132283,1.0
1.1186127909139958,38.050912787191805,1.0
1.1186127909139958,38.0925627871918,1.0
1.1678423183288478,37.97844751601243,1.0
1.1602627909139958,38.0509127871918,1.0
1.251372385466124,37.94628966701136,0.0
1.1602627909139958,38.1342127871918,1.0
1.1602627909139958,38.217512787191794,1.0
1.1602627909139958,38.0925627871918,1.0
1.2019127909139955,38.25916278719179,1.0
1.2019127909139955,38.1342127871918,1.0
1.2019127909139955,38.1758627871918,1.0
1.2019127909139955,38.2175127871918,1.0
1.2435627909139957,38.25916278719179,1.0
1.243562790913996,38.1342127871918,1.0
1.2435627909139957,38.1758627871918,1.0
1.1602788738271457,38.00927899499454,1.0
1.2019127909139955,38.0092627871918,1.0
1.2019127909139955,38.0925627871918,1.0
1.2027203974628395,37.96878807683148,0.0
1.2019127909139955,38.050912787191805,1.0
1.243562790913996,38.0092627871918,0.0
1.2435666189560872,37.96761844193052,0.0
1.2435627909139957,38.050912787191805,1.0
1.2435627909139957,38.0925627871918,1.0
1.284703490544424,38.009751041403845,0.0
1.2753553731566722,37.9746864137925,0.0
1.243562790913996,38.2175127871918,1.0
1.285212790913996,38.0925627871918,1.0
1.285212790913996,38.1758627871918,1.0
1.285212790913996,38.1342127871918,1.0
1.285212790913996,38.217512787191794,1.0
1.3268627909139958,38.13421278719181,1.0
1.326862790913996,38.1758627871918,1.0
1.326862790913996,38.259162787191805,1.0
1.3268627909139958,38.2175127871918,1.0
1.368512790913996,38.217512787191794,1.0
1.285212790913996,38.0509127871918,0.0
1.3141948683848548,38.0198602807399,0.0
1.326862790913996,38.0925627871918,0.0
1.3250602789367156,38.052541785443786,0.0
1.3646952274685566,38.09570719504764,0.0
1.3530343636130349,38.06503414768729,0.0
1.3918738588412154,38.110208014634686,0.0
1.368512790913996,38.1342127871918,0.0
1.368512790913996,38.1758627871918,1.0
1.410157755529491,38.17586780550853,0.0
1.4033450556100413,38.13897364531145,0.0
1.410162790913996,38.2175127871918,1.0
1.441786182630911,38.18314854824874,0.0
1.4512461315610372,38.21805443504598,0.0
1.4806256778590936,38.22832241519614,0.0
